Workbook

Sheet Form Responses 1
A1: Timestamp | B1: Nama / Perusahaan | C1: Alamat | D1: No. Telp./HP (tulis dengan format 08xxx) | E1: Jenis Pesanan | F1: Jenis UTTP | G1: Merk (Jika tidak ada isi -) | H1: Tipe (Jika tidak ada isi -) | I1: No. Seri (Jika tidak ada isi -) | J1: Kapasitas / Skala Terkecil (tuliskan satuan kg/g) | K1: Upload foto UTTP (sebelum pengujian)
A2: 46028.606 | B2: Apotek Wijoyo Kusumo | C2: Jl. Kutoarjo KM 2, Jatisari, Kecamatan Kebumen, Kabupaten Kebumen | D2: 081328252683 | E2: Tera Ulang | F2: Timbangan Elektronik | G2: ACIS | H2: BC 500 | I2: E241203145 | J2: 500 g / 0,1 g | K2: https://drive.google.com/open?id=1nJTfGHX9zoXwQwQrtmCbRod64GKJ63iQ
A3: 46029.362 | B3: PT. Karya Adi Kencana | C3: Jl. Raya Tembana Peniron No.1, Desa Karangpoh, Kecamatan Pejagoan, Kabupaten Kebumen | D3: 081805863292 | E3: Tera | F3: Timbangan Elektronik | G3: SONIC | H3: A12E | I3: IMI23019437 | J3: 6000 kg / 1 kg
A4: 46029.369 | B4: PT. Karya Adi Kencana, | C4: Jl. Raya Tembana Peniron No.1, Desa Karangpoh, Kecamatan Pejagoan, Kabupaten Kebumen | D4: 081805863292 | E4: Tera Ulang | F4: Timbangan Elektronik | G4: OMRON | H4: K3HB VLC | I4: - | J4: 5000 kg / 1 kg
A5: 46029.37 | B5: PT. Karya Adi Kencana,, | C5: Jl. Raya Tembana Peniron No.1, Desa Karangpoh, Kecamatan Pejagoan, Kabupaten Kebumen | D5: 081805863292 | E5: Tera Ulang | F5: Timbangan Elektronik | G5: OMRON | H5: K3HB VLC | I5: - | J5: 2000 kg / 1 kg
A6: 46029.371 | B6: PT. Karya Adi Kencana,,, | C6: Jl. Raya Tembana Peniron No.1, Desa Karangpoh, Kecamatan Pejagoan, Kabupaten Kebumen | D6: 081805863292 | E6: Tera Ulang | F6: Timbangan Elektronik | G6: OMRON | H6: K3HB VLC | I6: - | J6: 2000 kg / 1 kg
A7: 46029.372 | B7: PT. Karya Adi Kencana. | C7: Jl. Raya Tembana Peniron No.1, Desa Karangpoh, Kecamatan Pejagoan, Kabupaten Kebumen | D7: 081805863292 | E7: Tera Ulang | F7: Timbangan Elektronik | G7: WEIGHING INDICATOR | H7: AC 9000 | I7: - | J7: 4000 kg / 2 kg
A8: 46029.373 | B8: PT. Karya Adi Kencana.. | C8: Jl. Raya Tembana Peniron No.1, Desa Karangpoh, Kecamatan Pejagoan, Kabupaten Kebumen | D8: 081805863292 | E8: Tera Ulang | F8: Timbangan Elektronik | G8: GREAT SCALE | H8: A12E | I8: IMIWH9-1909000758 | J8: 1000 kg / 1 kg
A9: 46029.374 | B9: PT. Karya Adi Kencana... | C9: Jl. Raya Tembana Peniron No.1, Desa Karangpoh, Kecamatan Pejagoan, Kabupaten Kebumen | D9: 081805863292 | E9: Tera Ulang | F9: Timbangan Elektronik | G9: GREAT SCALE | H9: A12E | I9: A12E2206008 | J9: 3000 kg / 0,5 kg
A10: 46029.39 | B10: SPBU 44.543.04 PT. Tawakal Tsani Makmur | C10: Jl. Yos Sudarso no 122, Desa Wero, Kec. Gombong, Kab. Kebumen | D10: 085310753455 | E10: Tera Ulang | F10: PU BBM | G10: Gilbarco | H10: B21 | I10: HEPA 097853 | J10: - | K10: https://drive.google.com/open?id=1kXX2vYchhm5UmtUU_WUI4nMnhloPP0Aa
A11: 46029.417 | B11: SPBU 44.543.04 PT. Tawakal Tsani Makmur. | C11: Jl. Yos Sudarso no 122, Desa Wero, Kec. Gombong, Kab. Kebumen | D11: 085310753455 | E11: Tera Ulang | F11: PU BBM | G11: Gilbarco | H11: B21 | I11: KDPA 028431 | J11: - | K11: https://drive.google.com/open?id=1555aEwhqvxa1aDE5zpvOtJl4raixXIa8
A12: 46029.425 | B12: KPH KEDU SELATAN | C12: Jl. A. Yani No 23 Purworejo | D12: 81390175776 | E12: Tera Ulang | F12: Dacin | G12: SNS | H12: - | I12: 211006 | J12: 110 kg / 500 g
A13: 46029.426 | B13: KPH KEDU SELATAN. | C13: Jl. A. Yani No 23 Purworejo | D13: 81390175776 | E13: Tera Ulang | F13: Dacin | G13: SNS | H13: - | I13: 211081 | J13: 110 kg / 500 g
A14: 46029.427 | B14: KPH KEDU SELATAN.. | C14: Jl. A. Yani No 23 Purworejo | D14: 81390175776 | E14: Tera Ulang | F14: Dacin | G14: SNS | H14: - | I14: 170694 | J14: 110 kg / 500 g
A15: 46029.428 | B15: KPH KEDU SELATAN... | C15: Jl. A. Yani No 23 Purworejo | D15: 81390175776 | E15: Tera Ulang | F15: Dacin | G15: SNS | H15: - | I15: 111724 | J15: 110 kg / 500 g
A16: 46029.43 | B16: KPH KEDU SELATAN, | C16: Jl. A. Yani No 23 Purworejo | D16: 81390175776 | E16: Tera Ulang | F16: Timbangan Sentisimal | G16: Armada | H16: - | I16: 97815 | J16: 500 kg / 200 g
A17: 46029.433 | B17: KPH KEDU SELATAN,, | C17: Jl. A. Yani No 23 Purworejo | D17: 81390175776 | E17: Tera Ulang | F17: Timbangan Sentisimal | G17: Intra | H17: - | I17: - | J17: 300 kg / 100 g
A18: 46029.435 | B18: KPH KEDU SELATAN | C18: Jl. A. Yani No 23 Purworejo | D18: 81390175776 | E18: Tera Ulang | F18: Anak Timbangan | G18: - | H18: - | I18: - | J18: 4 buah
A19: 46029.441 | B19: SPBU 44.543.04 PT. Tawakal Tsani Makmur.. | C19: Jl. Yos Sudarso no 122, Desa Wero, Kec. Gombong, Kab. Kebumen | D19: 085310753455 | E19: Tera Ulang | F19: PU BBM | G19: Wayne | H19: 2203/Akswz5/E | I19: G 07118 | J19: - | K19: https://drive.google.com/open?id=1mp3uCerbHyp2IuCz2jU4hpmA339EJS1Z
A20: 46029.455 | B20: SPBU 44.543.04 PT. Tawakal Tsani Makmur... | C20: Jl. Yos Sudarso no 122, Desa Wero, Kec. Gombong, Kab. Kebumen | D20: 085310753455 | E20: Tera Ulang | F20: PU BBM | G20: Gilbarco | H20: B21 | I20: HEPA 097463 | J20: - | K20: https://drive.google.com/open?id=1TBFTWqjf-Q5mXJRgy3aJLNcWOo1dhICZ
A21: 46030.344 | B21: Bank BSI Kebumen | C21: Jl. HM Sarbini 201 A | D21: 085876458949 | E21: Tera Ulang | F21: Timbangan Elektronik | G21: SHIMADZU | H21: UX3200G | I21: D461741786 | J21: 3200 g/ 0,01 g | K21: https://drive.google.com/open?id=1L-jc1J5LFMdfcQ4XCjR4clElpPum4xh7
A22: 46030.352 | B22: Chayati | C22: Kawedusan, Kebumen | D22: 0882003225955 | E22: Tera Ulang | F22: Timbangan Sentisimal | G22: SSS | H22: - | I22: 15492 | J22: 300 kg / 100 g
A23: 46030.36 | B23: Apotek Padureso | C23: Jl. Wadaslintang km 17 Pasar pon, Padureso, Kebumen | D23: 081393921128 | E23: Tera Ulang | F23: Timbangan Elektronik | G23: Acis | H23: Bc500 | I23: C220801736 | J23: 500 g /0,1 g | K23: https://drive.google.com/open?id=1IpSWfG6TZrBP0SaxKPudO1sU4wZI8MqV
A24: 46030.368 | B24: Toko Mas Niaga | C24: Pasar Wonokriyo Blok F no. 14 Gombong Kebumen | D24: 082220147807 | E24: Tera Ulang | F24: Timbangan Elektronik | G24: AND | H24: HL-100 | I24: K0003H2110724 | J24: 100 g / 0.01 g
A25: 46030.369 | B25: Toko Mas Niaga. | C25: Pasar Wonokriyo Blok F no. 14 Gombong Kebumen | D25: 082220147807 | E25: Tera Ulang | F25: Timbangan Elektronik | G25: AND | H25: HL-100 | I25: K0004H804001193 | J25: 100 g / 0.01 g
A26: 46030.37 | B26: Toko Mas Niaga.. | C26: Pasar Wonokriyo Blok F no. 14 Gombong Kebumen | D26: 082220147807 | E26: Tera Ulang | F26: Timbangan Elektronik | G26: AND | H26: EK-410i | I26: 6A4443221 | J26: 400 g / 0.01 g
A27: 46030.372 | B27: Toko Mas Niaga, | C27: Pasar Tumenggungan Blok A 9-10 kebumen | D27: 082220147807 | E27: Tera Ulang | F27: Timbangan Elektronik | G27: AND | H27: HT-120 | I27: 5171100070 | J27: 120 g / 0.01 g
A28: 46030.373 | B28: Toko Mas Niaga,, | C28: Pasar Tumenggungan Blok A 9-10 kebumen | D28: 082220147807 | E28: Tera Ulang | F28: Timbangan Elektronik | G28: AND | H28: EK-410i | I28: 6A4443254 | J28: 400 g / 0.01 g
A29: 46030.377 | B29: Toko Mas Niaga' | C29: Jln Yos Sudarso 331 Gombong | D29: 082220147807 | E29: Tera Ulang | F29: Timbangan Elektronik | G29: AND | H29: HT-120 | I29: 5150900175 | J29: 120 g / 0.01 g
A30: 46030.378 | B30: Toko Mas Niaga'' | C30: Jln Yos Sudarso 331 Gombong | D30: 082220147807 | E30: Tera Ulang | F30: Timbangan Elektronik | G30: AND | H30: HT-120 | I30: 5210900407 | J30: 120 g / 0.01 g
A31: 46030.378 | B31: Toko Mas Niaga''' | C31: Jln Yos Sudarso 331 Gombong | D31: 082220147807 | E31: Tera Ulang | F31: Timbangan Elektronik | G31: AND | H31: EK-410i | I31: 6A4443222 | J31: 400 g / 0.01 g
A32: 46030.394 | B32: SPBU 43.543.12 PT. Putra Ramadhan | C32: Jl. HM Sarbini, Kelurahan Bumirejo, Kecamatan Kebumen, Kabupaten Kebumen | D32: 085325466920 | E32: Tera Ulang | F32: PU BBM | G32: Gilbarco | H32: NA1S500 | I32: EN 00015183 | J32: 60 Lpm / 5 lpm | K32: https://drive.google.com/open?id=1he6D8G1_RM0qogQ-3M0fNVOs0PA4uJcn
A33: 46030.438 | B33: SPBU 43.543.12 PT. Putra Ramadhan. | C33: Jl. HM Sarbini, Kelurahan Bumirejo, Kecamatan Kebumen, Kabupaten Kebumen | D33: 085325466920 | E33: Tera Ulang | F33: PU BBM | G33: Gilbarco | H33: NA2 | I33: AAEN240478 | J33: 60 lpm / 5 lpm | K33: https://drive.google.com/open?id=1_OeWkQ8c51jM9raXvXIgfcsqrF90ufxm
A34: 46030.48 | B34: SPBU 43.543.12 PT. Putra Ramadhan.. | C34: Jl. HM Sarbini, Kelurahan Bumirejo, Kecamatan Kebumen, Kabupaten Kebumen | D34: 085325466920 | E34: Tera Ulang | F34: PU BBM | G34: Gilbarco | H34: NA2 | I34: MXEN240026 | J34: 60 lpm / 5 lpm | K34: https://drive.google.com/open?id=1wznJdK-bAw0v4k7Z7WE2OhDOsJay_K87
A35: 46030.505 | B35: SPBU 43.543.12 PT. Putra Ramadhan... | C35: Jl. HM Sarbini, Kelurahan Bumirejo, Kecamatan Kebumen, Kabupaten Kebumen | D35: 085325466920 | E35: Tera Ulang | F35: PU BBM | G35: Gilbarco | H35: NA1 | I35: ABEN273664 | J35: 60 lpm/5lpm | K35: https://drive.google.com/open?id=1iUJwd2oR4YoTL5pqS7Ct5uSuVm9CtghP
A36: 46030.561 | B36: Apotek Pandya 16 | C36: Jatinegara , Sempor | D36: 087774582080 | E36: Tera Ulang | F36: Timbangan Elektronik | G36: CHQ | H36: DJ602C | J36: 600 gr/0,01 gr | K36: https://drive.google.com/open?id=1JFtZ518exguix0W4t5bL2fkYkGX_cjFa
A37: 46031.494 | B37: APOTEK TAHER FARMA PETANAHAN | C37: Jl. Sokka Petanahan No. 217, Jogomertan, Kec. Petanahan, Kabupaten Kebumen | D37: 087738517431 | E37: Tera Ulang | F37: Timbangan Elektronik | G37: ACIS | H37: BC - 5000 | I37: E2504031124 | J37: 5000 g / 1 g | K37: https://drive.google.com/open?id=1lHQRriaGyFUWOWwTdgBW_jrJJEH9LB_t
A38: 46031.796 | B38: SPBU 44.543.22 (PT. Wahyu Putra Sejati) | C38: Desa Tambakmulyo, Kecamatan Puring, Kabupaten Kebumen | D38: 081805863292 | E38: Tera Ulang | F38: PU BBM | G38: TATSUNO | H38: SSB3662 | I38: AA315408 2022-1 | J38: 65 L/min | K38: https://drive.google.com/open?id=1IhJxJsx553ITw9JNq77FH2MY_4RIToPJ
A39: 46031.799 | B39: SPBU 44.543.10 (CV. Dewi Bulan) | C39: Jl. Lingkar Soka, Desa Kewayuhan, Kecamatan Pejagoan, Kabupaten Kebumen | D39: 081805863292 | E39: Tera Ulang | F39: PU BBM | G39: TATSUNO | H39: GSB 2441P | I39: AA 192403 2010-6 | J39: 60 L/min | K39: https://drive.google.com/open?id=1_yP5vWr6nqx0erMdq021Q8f736t8Fnzr
A40: 46031.802 | B40: SPBU 44.543.10 (CV. Dewi Bulan), | C40: Jl. Lingkar Soka, Desa Kewayuhan, Kecamatan Pejagoan, Kabupaten Kebumen | D40: 081805863292 | E40: Tera Ulang | F40: PU BBM | G40: TATSUNO | H40: GSB 2441P | I40: AA 199109 2011-3 | J40: 60 L/min | K40: https://drive.google.com/open?id=1zJU6lfy5LgaFy4U-lmHH-8o31eC-LyLH
A41: 46031.804 | B41: SPBU 44.543.10 (CV. Dewi Bulan),, | C41: Jl. Lingkar Soka, Desa Kewayuhan, Kecamatan Pejagoan, Kabupaten Kebumen | D41: 081805863292 | E41: Tera Ulang | F41: PU BBM | G41: TATSUNO | H41: GSA 1221 | I41: AA 166702 2007-10 | J41: 60 L/min | K41: https://drive.google.com/open?id=1WWhc_LYSYyH6GsKAQrOmp4P4FFVtChCj
A42: 46031.805 | B42: SPBU 44.543.10 (CV. Dewi Bulan),,, | C42: Jl. Lingkar Soka, Desa Kewayuhan, Kecamatan Pejagoan, Kabupaten Kebumen | D42: 081805863292 | E42: Tera Ulang | F42: PU BBM | G42: TATSUNO | H42: GSB 2441P | I42: AA 185772 2009-9 | J42: 60 L/min | K42: https://drive.google.com/open?id=1cpoGEfiPqxhjBkKo4ihewQ5f_cOFaxae
A43: 46034.353 | B43: Indah Logistik Cargo | C43: Adikarso | D43: 081113201322 | E43: Tera Ulang | F43: Timbangan Pegas | G43: NHON HOA | H43: NHS 100 | I43: 3399 | J43: 100 kg / 200 g | K43: https://drive.google.com/open?id=1G28eFl8bO_PLSaeZ7_nVXTplfDJ5NrTK
A44: 46034.367 | B44: Toko Mas Niaga Kebumen | C44: Pasar Tumenggungan Blok A 9-10 Kebumen | D44: 081908005490 | E44: Tera Ulang | F44: Timbangan Elektronik | G44: AND | H44: HT-120 | I44: 5180100108 | J44: 120 G
A45: 46034.368 | B45: Toko Mas Niaga Kebumen, | C45: Pasar Tumenggungan Blok A 9-10 Kebumen | D45: 081908005490 | E45: Tera Ulang | F45: Timbangan Elektronik | G45: AND | H45: HT120 | I45: 5180100109 | J45: 120 G
A46: 46034.369 | B46: Toko Mas Niaga Kebumen,, | C46: Pasar Tumenggungan Blok A 9-10 Kebumen | D46: 081908005490 | E46: Tera Ulang | F46: Timbangan Elektronik | G46: AND | H46: EK-410I | I46: 6A4443254 | J46: 400 G
A47: 46034.372 | B47: Toko Mas Niaga Gombong | C47: Ruko Pasar Wonokriyo Blok F No. 14 Gombong | D47: 081908005490 | E47: Tera Ulang | F47: Timbangan Elektronik | G47: AND | H47: HT120 | I47: 5181000061 | J47: 120 G
A48: 46034.372 | B48: Toko Mas Niaga Gombong, | C48: Ruko Pasar Wonokriyo Blok F No. 14 Gombong | D48: 081908005490 | E48: Tera Ulang | F48: Timbangan Elektronik | G48: AND | H48: HT120 | I48: 5210900406 | J48: 120 G
A49: 46034.373 | B49: Toko Mas Niaga Gombong,, | C49: Ruko Pasar Wonokriyo Blok F No. 14 Gombong | D49: 081908005490 | E49: Tera Ulang | F49: Timbangan Elektronik | G49: AND | H49: HT120 | I49: 5150900156 | J49: 120 G
A50: 46034.376 | B50: Toko Mas Niaga Gombong. | C50: Jl. Yos Sudarso 331 Gombong | D50: 081908005490 | E50: Tera Ulang | F50: Timbangan Elektronik | G50: AND | H50: HT120 | I50: 5221100034 | J50: 120 G
A51: 46034.377 | B51: Toko Mas Niaga Gombong.. | C51: Jl. Yos Sudarso 331 Gombong | D51: 081908005490 | E51: Tera Ulang | F51: Timbangan Elektronik | G51: AND | H51: EK-410I | I51: 6A4443253 | J51: 400 G
A52: 46034.377 | B52: Toko Mas Niaga Gombong... | C52: Jl. Yos Sudarso 331 Gombong | D52: 081908005490 | E52: Tera Ulang | F52: Timbangan Elektronik | G52: AND | H52: HT120 | I52: 5180500095 | J52: 120 G
A53: 46034.443 | B53: PT GIRI SELOMAS SEJAHTERA | C53: Jl. Raya Yos Sudarso Gombong Barat Km.3 Purbowangi Kab. Kebumen | D53: 085879243604 | E53: Tera Ulang | F53: Timbangan Elektronik | G53: Great Scale | H53: XK-3190A7 | I53: - | J53: 40kg/0,001
A54: 46034.444 | B54: PT GIRI SELOMAS SEJAHTERA, | C54: Jl. Raya Yos Sudarso Gombong Barat Km.3 Purbowangi Kab. Kebumen | D54: 085879243604 | E54: Tera Ulang | F54: Anak Timbangan | G54: TJ | H54: - | I54: - | J54: 20 kg
A55: 46034.444 | B55: PT GIRI SELOMAS SEJAHTERA,, | C55: Jl. Raya Yos Sudarso Gombong Barat Km.3 Purbowangi Kab. Kebumen | D55: 085879243604 | E55: Tera Ulang | F55: Anak Timbangan | G55: - | H55: - | I55: - | J55: 5 kg
A56: 46034.446 | B56: PT GIRI SELOMAS SEJAHTERA,,, | C56: Jl. Raya Yos Sudarso Gombong Barat Km.3 Purbowangi Kab. Kebumen | D56: 085879243604 | E56: Tera Ulang | F56: Anak Timbangan | G56: - | H56: - | I56: - | J56: 5 kg
A57: 46034.495 | B57: PT.Giga Intrax | C57: Jl. Raya Karanganyar km.98 , Kecamatan Karanganyar, Kabupaten Kebumen | D57: 081380487882 | E57: Tera Ulang | F57: Timbangan Elektronik | G57: Digitech | H57: DB IS | I57: DB25089126 | J57: 40 kg / 0,002 kg
A58: 46034.603 | B58: SPBU 43.543.13 PT. Aneka Bangun Sarana | C58: Jl. Raya Kutoarjo km 07, Desa Kalibagor, Kecamatan Kebumen,Kabupaten Kebumen | D58: - | E58: Tera Ulang | F58: PU BBM | G58: Wayne | H58: 3/V390D1/GPZ5/E | I58: 29403C A-13 | J58: 60 L/m
A59: 46034.604 | B59: SPBU 43.543.13 PT. Aneka Bangun Sarana, | C59: Jl. Raya Kutoarjo km 07, Desa Kalibagor, Kecamatan Kebumen,Kabupaten Kebumen | D59: - | E59: Tera Ulang | F59: PU BBM | G59: Wayne | H59: 3/V390D1/GPZ5/E | I59: 29763C A-13 | J59: 60 L/m
A60: 46034.605 | B60: SPBU 43.543.13 PT. Aneka Bangun Sarana,, | C60: Jl. Raya Kutoarjo km 07, Desa Kalibagor, Kecamatan Kebumen,Kabupaten Kebumen | D60: - | E60: Tera Ulang | F60: PU BBM | G60: Wayne | H60: 3/V390D1/GPZ5/E | I60: 29731C A-13 | J60: 60 L/m
A61: 46035.445 | B61: INDAH LOGISTIK KEBUMEN | C61: Jl. Lkr. Selatan, Ketraman, Adikarso, Kec. Kebumen, Kabupaten Kebumen, Jawa Tengah 54312 | D61: 081113201322 | E61: Tera Ulang | F61: Timbangan Pegas | G61: NHON HOA | H61: NHS100 | I61: 3395 | J61: 100
A62: 46035.462 | B62: SPPBE PT. GIGA INTRAX | C62: Jl. Raya Karanganyar km 98, Kecamatan Karanganyar, Kabupaten Kebumen | D62: 081380487882 | E62: Tera Ulang | F62: Timbangan Elektronik | G62: Digitech | H62: DB-1S-150 | I62: DB24128044 | J62: 40 kg / 0,002 kg
A63: 46035.566 | B63: SPBU 44.543.07 | C63: Jl. Tentara Pelajar No. 55, Desa Kawedusan, Kecamatan Kebumen, Kabupaten Kebumen | D63: 081805863292 | E63: Tera Ulang | F63: PU BBM | G63: TATSUNO | H63: SSA 1222 | I63: AA219923 2013-1 | J63: 65 L/min | K63: https://drive.google.com/open?id=19muT8gyOzQ5ThAbKDSA4vscp3E2lRTGV
A64: 46035.569 | B64: SPBU 44.543.07. | C64: Jl. Tentara Pelajar No.55, Desa Kawedusan, Kecamatan Kebumen, Kabupaten Kebumen | D64: 081805863292 | E64: Tera Ulang | F64: PU BBM | G64: TATSUNO | H64: GSB 2441P | I64: AA194570 2010-9 | J64: 60 L/min | K64: https://drive.google.com/open?id=1bwEfwkfq0YUi2vAZSCa4_YEHEtqg668F
A65: 46035.574 | B65: SPBU 44.543.07.. | C65: Jl. Tentara Pelajar No. 55, Desa Kawedusan, Kecamatan Kebumen, Kabupaten Kebumen | D65: 081805863292 | E65: Tera Ulang | F65: PU BBM | G65: TATSUNO | H65: GSA 2441 | I65: AA164079 2007-7 | J65: 60 L/min | K65: https://drive.google.com/open?id=1E-cqeJGiVHtKmOUDescKfKtMTc_l2bIM
A66: 46035.582 | B66: SPBU 44.543.07... | C66: Jl. Tentara Pelajar No. 55, Desa Kawedusan, Kecamatan Kebumen, Kabupaten Kebumen | D66: 081805863292 | E66: Tera Ulang | F66: PU BBM | G66: GILBARCO | H66: B21 | I66: HEPA 096522 | J66: 50 L/m | K66: https://drive.google.com/open?id=16SNBwAZSJq39s8BRM54gmyne2TJ2BpyA
A67: 46035.648 | B67: Apotik Mitra Bunda | C67: Setrojenar RT 1 RW 3 Buluspesantren Kebumen | D67: 087737755179 | E67: Tera Ulang | F67: Neraca Obat | G67: PGB | H67: - | I67: 16129 | J67: 50 g / 25 mg
A68: 46036.401 | B68: SPBU 44.543.03 UD GIAT SABA | C68: Jl. Hashim Asyari Km 2, kelurahan panjer, kabupaten kebumen | D68: 085292438942 | E68: Tera Ulang | F68: PU BBM | G68: Korea Ene | H68: MT 2 S | I68: EO 6630, EO 6631 | J68: 50 L/m
A69: 46036.458 | B69: SPPBE PT. GIGA INTRAX | C69: Jl. Raya Karanganyar km 98, Kecamatan Karanganyar, Kabupaten Kebumen | D69: 081380487882 | E69: Tera Ulang | F69: Timbangan Elektronik | G69: Milli | H69: M150 | I69: Xx | J69: 150
A70: 46036.458 | B70: SPBU 44.543.03 UD GIAT SABA | C70: Jl. Hashim Asyari Km 2, kelurahan panjer, kabupaten kebumen | D70: 085292438942 | E70: Tera Ulang | F70: PU BBM | G70: Korea EnE | H70: MT 6 S | I70: EO 8553, EO 8555, EO 8557 | J70: 50 L/m
A71: 46036.47 | B71: SPPBE PT. GIGA INTRAX, | C71: Jl. Raya Karanganyar km 98, Kecamatan Karanganyar, Kabupaten Kebumen | D71: 081380487882 | E71: Tera Ulang | F71: Timbangan Elektronik | G71: Digitech | H71: DB-1S | I71: - | J71: 80 kg / 1 g
A72: 46036.482 | B72: SPBU 44.543.03 UD GIAT SABA, | C72: Jl. Hashim Asyari Km 2, kelurahan panjer, kabupaten kebumen | D72: 085292438942 | E72: Tera Ulang | F72: PU BBM | G72: Korea EnE | H72: MT 4 S | I72: EO 7574, EO 7575 | J72: 50 L/m
A73: 46036.482 | B73: SPBU 44.543.03 UD GIAT SABA,, | C73: Jl. Hashim Asyari Km 2, kelurahan panjer, kabupaten kebumen | D73: 085292438942 | E73: Tera Ulang | F73: PU BBM | G73: Korea EnE | H73: MT 4 S | I73: EO 7373 | J73: 50 L/m
A74: 46036.545 | B74: Apotek Harum | C74: Sarwogadung RT 2 RW 1, Kecamatan Mirit, Kabupaten Kebumen | D74: 085727281777 | E74: Tera Ulang | F74: Neraca Obat | G74: SNS | H74: - | I74: 21403 | J74: 500 g / 250 mg | K74: https://drive.google.com/open?id=15dMfV1isi8My6q8Qsr_WAxkkCUDV8VqA
A75: 46037.427 | B75: PT Naga Semut Kebumen | C75: Jalan Indrakila no.32 Kebumen | D75: 085747210485 | E75: Tera Ulang | F75: Timbangan Elektronik | G75: ACIS | H75: AW-x 3 | I75: F804049027 | J75: 3 Kg / 0.2 g
A76: 46037.572 | B76: SPBU 44.543.08 Ungaran | C76: Jl. Raya Kutowinangun, Desa Ungaran, Kecamatan Kutowinangun, Kabupaten Kebumen | D76: - | E76: Tera Ulang | F76: PU BBM | G76: GILBARCO | H76: B21 | I76: BKPA 223463 | J76: 50 L/m
A77: 46037.573 | B77: SPBU 44.543.08 Ungaran, | C77: Jl. Raya Kutowinangun, Desa Ungaran, Kecamatan Kutowinangun, Kabupaten Kebumen | D77: - | E77: Tera Ulang | F77: PU BBM | G77: GILBARCO | H77: F230 | I77: 202006000343-4DPE | J77: 60 L/m
A78: 46037.574 | B78: SPBU 44.543.08 Ungaran,, | C78: Jl. Raya Kutowinangun, Desa Ungaran, Kecamatan Kutowinangun, Kabupaten Kebumen | D78: - | E78: Tera Ulang | F78: PU BBM | G78: GILBARCO | H78: B21 | I78: FKPA 228627 | J78: 50 L/m
A79: 46037.574 | B79: SPBU 44.543.08 Ungaran,,, | C79: Jl. Raya Kutowinangun, Desa Ungaran, Kecamatan Kutowinangun, Kabupaten Kebumen | D79: - | E79: Tera Ulang | F79: PU BBM | G79: GILBARCO | H79: JEA200 | I79: 01300010 | J79: 50 L/m
A80: 46041.515 | B80: SPBE PT. Mitra Prasmitha Selaras | C80: Jl. Lingkar Selatan Kebumen, Desa Kuwayuhan, Kecamatan Pejagoan, Kabupaten Kebumen | D80: 085325466920 | E80: Tera Ulang | F80: Timbangan Elektronik | G80: DIGITECH | H80: DB-1S | I80: DB 24128070 | J80: 30 kg / 0,001 kg
A81: 46041.516 | B81: SPBE PT. Mitra Prasmitha Selaras, | C81: Jl. Lingkar Selatan Kebumen, Desa Kuwayuhan, Kecamatan Pejagoan, Kabupaten Kebumen | D81: 085325466920 | E81: Tera Ulang | F81: Timbangan Elektronik | G81: DIGITECH | H81: DB-1S | I81: - | J81: 30 kg / 0,001 kg
A82: 46041.517 | B82: SPBE PT. Mitra Prasmitha Selaras,, | C82: Jl. Lingkar Selatan Kebumen, Desa Kuwayuhan, Kecamatan Pejagoan, Kabupaten Kebumen | D82: 085325466920 | E82: Tera Ulang | F82: Timbangan Elektronik | G82: DIGITECH | H82: DB-1S | I82: 171020011T | J82: 30 kg / 0,001 kg
A83: 46041.518 | B83: SPBE PT. Mitra Prasmitha Selaras,,, | C83: Jl. Lingkar Selatan Kebumen, Desa Kuwayuhan, Kecamatan Pejagoan, Kabupaten Kebumen | D83: 085325466920 | E83: Tera Ulang | F83: Timbangan Elektronik | G83: DIGITECH | H83: DB-1S | I83: DB 24128041 | J83: 80 kg / 0,001 kg
A84: 46041.52 | B84: SPBE PT. Mitra Prasmitha Selaras. | C84: Jl. Lingkar Selatan Kebumen, Desa Kuwayuhan, Kecamatan Pejagoan, Kabupaten Kebumen | D84: 085325466920 | E84: Tera Ulang | F84: Timbangan Elektronik | G84: SONIC | H84: A12E-150 | I84: IMI24080304 | J84: 40 kg / 0,002 kg
A85: 46041.521 | B85: SPBE PT. Mitra Prasmitha Selaras.. | C85: Jl. Lingkar Selatan Kebumen, Desa Kuwayuhan, Kecamatan Pejagoan, Kabupaten Kebumen | D85: 085325466920 | E85: Tera Ulang | F85: Timbangan Elektronik | G85: SONIC | H85: A12E-150 | I85: IMI24080301 | J85: 40 kg / 0,002 kg
A86: 46041.521 | B86: SPBE PT. Mitra Prasmitha Selaras' | C86: Jl. Lingkar Selatan Kebumen, Desa Kuwayuhan, Kecamatan Pejagoan, Kabupaten Kebumen | D86: 085325466920 | E86: Tera Ulang | F86: Anak Timbangan | G86: DL4 | H86: - | I86: - | J86: 20 kg
A87: 46041.522 | B87: SPBE PT. Mitra Prasmitha Selaras'' | C87: Jl. Lingkar Selatan Kebumen, Desa Kuwayuhan, Kecamatan Pejagoan, Kabupaten Kebumen | D87: 085325466920 | E87: Tera Ulang | F87: Anak Timbangan | G87: - | H87: - | I87: - | J87: 10 kg
A88: 46041.53 | B88: Apotek Sehat Alam | C88: Jl. Yos Sudarso No.510 RT08, RW.03, Klapasawit, Wero, Kec. Gombong, Kabupaten Kebumen, Jawa Tengah 54416 | D88: 087737888779 | E88: Tera Ulang | F88: Neraca Obat | G88: Mercurry | I88: 22812 | J88: 500 g / 250 mg
A89: 46041.564 | B89: SPBU 44.543.09 | C89: Jl. Lingkar selatan Kebumen, Kelurahan Tamanwinangun, Kecamatan Kebumen, Kabupaten Kebumen | D89: 085225492423 | E89: Tera Ulang | F89: PU BBM | G89: TATSUNO | H89: GSB 3641 P | I89: 192317 2010-6 | J89: 60 L/m
A90: 46041.565 | B90: SPBU 44.543.09, | C90: Jl. Lingkar selatan Kebumen, Kelurahan Tamanwinangun, Kecamatan Kebumen, Kabupaten Kebumen | D90: 085225492423 | E90: Tera Ulang | F90: PU BBM | G90: TATSUNO | H90: SSB 3664 | I90: AA 248579 2015-9 | J90: 65 L/m
A91: 46041.566 | B91: SPBU 44.543.09,, | C91: Jl. Lingkar selatan Kebumen, Kelurahan Tamanwinangun, Kecamatan Kebumen, Kabupaten Kebumen | D91: 085225492423 | E91: Tera Ulang | F91: PU BBM | G91: TATSUNO | H91: SSB 2442 | I91: AA 233399 2014-3 | J91: 65 L/m
A92: 46041.567 | B92: SPBU 44.543.09,,, | C92: Jl. Lingkar selatan Kebumen, Kelurahan Tamanwinangun, Kecamatan Kebumen, Kabupaten Kebumen | D92: 085225492423 | E92: Tera Ulang | F92: PU BBM | G92: TATSUNO | H92: GSA 2441 | I92: AA 158957 2007-1 | J92: 60 L/m
A93: 46041.795 | B93: SPBU 44.543.21 | C93: Jl. Jalur Pantai Selatan, Desa Tegalretno, Kecamatan Petanahan, Kabupaten Kebumen | D93: 082143665635 | E93: Tera Ulang | F93: PU BBM | G93: TATSUNO | H93: SSA 2442 | I93: AA308024 2021-4 | J93: 65L/min
A94: 46041.796 | B94: SPBU 44.543.21, | C94: Jl. Jalur Pantai Selatan, Desa Tegalretno, Kecamatan Petanahan, Kabupaten Kebumen | D94: 0 | E94: Tera Ulang | F94: PU BBM | G94: TATSUNO | H94: SSA 2442 | I94: AA309662 2021-6 | J94: 65 L/min
A95: 46041.797 | B95: SPBU 44.543.21,, | C95: Jl. Jalur Pantai Selatan, Desa Tegalretno, Kecamatan Petanahan, Kabupaten Kebumen | D95: 0 | E95: Tera Ulang | F95: PU BBM | G95: TATSUNO | H95: SSA 2442 | I95: AA309669 2021-6 | J95: 65 L/min
A96: 46041.798 | B96: SPBU 44.543.21,,, | C96: Jl. Jalur Pantai Selatan, Desa Tegalretno, Kecamatan Petanahan, Kabupaten Kebumen | D96: 0 | E96: Tera Ulang | F96: PU BBM | G96: TATSUNO | H96: SSA 2442 | I96: AA309657 2021-6 | J96: 65 L/min
A97: 46042.422 | B97: Apotek Khazanah | C97: Dukuh Jerotengah RT 02 RW 03, Desa Banyumudal, Kecamatan Buayan, Kabupaten Kebumen | D97: 081999299938 | E97: Tera Ulang | F97: Timbangan Elektronik | G97: Acis | H97: Bc 500 | I97: E241203203 | J97: 500 g / 0,1 g | K97: https://drive.google.com/open?id=1NjpSY4bxK-B8U-P2L1IMs_QuBuob8ldU
A98: 46043.804 | B98: SPBU 44.543.20 (PT. Anugerah Baru Group) | C98: Jl. Raya Mirit, Desa Tlogopragoto, Kecamatan Mirit, Kabupaten Kebumen | D98: 81805863292 | E98: Tera Ulang | F98: PU BBM | G98: TATSUNO | H98: SSA 2442 | I98: AA 304943 2020-12 | J98: 65 L/min | K98: https://drive.google.com/open?id=192zj_xdHyyI6uodD7UeR2pjTkJE-Qzqk
A99: 46043.806 | B99: SPBU 44.543.20 (PT. Anugerah Baru Group). | C99: Jl. Raya Mirit, Desa Tlogopragoto, Kecamatan Mirit, Kabupaten Kebumen | D99: 81805863292 | E99: Tera Ulang | F99: PU BBM | G99: TATSUNO | H99: SSA 2442 | I99: AA 304946 2020-12 | J99: 65 L/min | K99: https://drive.google.com/open?id=1DmNVmzN_hTLh0_NuocEChWVyqDmM1Hfp
A100: 46043.807 | B100: SPBU 44.543.20 (PT. Anugerah Baru Group).. | C100: Jl. Raya Mirit, Desa Tlogopragoto, Kecamatan Mirit, Kabupaten Kebumen | D100: 81805863292 | E100: Tera Ulang | F100: PU BBM | G100: TATSUNO | H100: SSA 2442 | I100: AA 304965 2020-12 | J100: 65 L/min | K100: https://drive.google.com/open?id=1FMQWSOKN0gLy714VmRrQ6NcPCai15Zw6
...

Sheet MASTER SKHP 2026
B1: SKHP | D1: Nama Pemilik | E1: Alamat | F1: Jenis UTTP | G1: Merk | H1: UTTP | K1: Tanggal Uji | L1: Cap Tanda Tera | M1: Keterangan
B2: Nomor | C2: Tanggal | H2: Type | I2: Seri | J2: Kapasitas/DB
A3: 1 | B3: TE-001/I/500.2.3.15/3/2026 | C3: 46028 | D3: Apotek Wijoyo Kusumo | E3: =VLOOKUP(D3,'Form Responses 1'!B:J,2,FALSE) -> Jl. Kutoarjo KM 2, Jatisari, Kecamatan Kebumen, Kabupaten Kebumen | F3: =VLOOKUP(D3,'Form Responses 1'!B:J,5,FALSE) -> Timbangan Elektronik | G3: =VLOOKUP(D3,'Form Responses 1'!B:J,6,FALSE) -> ACIS | H3: =VLOOKUP(D3,'Form Responses 1'!B:J,7,FALSE) -> BC 500 | I3: =VLOOKUP(D3,'Form Responses 1'!B:J,8,FALSE) -> E241203145 | J3: =VLOOKUP(D3,'Form Responses 1'!B:J,9,FALSE) -> 500 g / 0,1 g | K3: 46028 | L3: SL6 (26) | M3: TRUE
A4: 2 | B4: TE-002/I/500.2.3.15/6/2026 | C4: 46029 | D4: PT. Karya Adi Kencana | E4: =VLOOKUP(D4,'Form Responses 1'!B:J,2,FALSE) -> Jl. Raya Tembana Peniron No.1, Desa Karangpoh, Kecamatan Pejagoan, Kabupaten Kebumen | F4: =VLOOKUP(D4,'Form Responses 1'!B:J,5,FALSE) -> Timbangan Elektronik | G4: =VLOOKUP(D4,'Form Responses 1'!B:J,6,FALSE) -> SONIC | H4: =VLOOKUP(D4,'Form Responses 1'!B:J,7,FALSE) -> A12E | I4: =VLOOKUP(D4,'Form Responses 1'!B:J,8,FALSE) -> IMI23019437 | J4: =VLOOKUP(D4,'Form Responses 1'!B:J,9,FALSE) -> 6000 kg / 1 kg | K4: 46028 | L4: SL4 (26) | M4: TRUE
A5: 3 | B5: TE-003/I/500.2.3.15/7/2026 | C5: 46029 | D5: PT. Karya Adi Kencana, | E5: =VLOOKUP(D5,'Form Responses 1'!B:J,2,FALSE) -> Jl. Raya Tembana Peniron No.1, Desa Karangpoh, Kecamatan Pejagoan, Kabupaten Kebumen | F5: =VLOOKUP(D5,'Form Responses 1'!B:J,5,FALSE) -> Timbangan Elektronik | G5: =VLOOKUP(D5,'Form Responses 1'!B:J,6,FALSE) -> OMRON | H5: =VLOOKUP(D5,'Form Responses 1'!B:J,7,FALSE) -> K3HB VLC | I5: =VLOOKUP(D5,'Form Responses 1'!B:J,8,FALSE) -> - | J5: =VLOOKUP(D5,'Form Responses 1'!B:J,9,FALSE) -> 5000 kg / 1 kg | K5: 46028 | L5: SP6 (26) | M5: TRUE
D6: PT. Karya Adi Kencana,, | E6: =VLOOKUP(D6,'Form Responses 1'!B:J,2,FALSE) -> Jl. Raya Tembana Peniron No.1, Desa Karangpoh, Kecamatan Pejagoan, Kabupaten Kebumen | F6: =VLOOKUP(D6,'Form Responses 1'!B:J,5,FALSE) -> Timbangan Elektronik | G6: =VLOOKUP(D6,'Form Responses 1'!B:J,6,FALSE) -> OMRON | H6: =VLOOKUP(D6,'Form Responses 1'!B:J,7,FALSE) -> K3HB VLC | I6: =VLOOKUP(D6,'Form Responses 1'!B:J,8,FALSE) -> - | J6: =VLOOKUP(D6,'Form Responses 1'!B:J,9,FALSE) -> 2000 kg / 1 kg | L6: SP6 (26) | M6: TRUE
D7: PT. Karya Adi Kencana,,, | E7: =VLOOKUP(D7,'Form Responses 1'!B:J,2,FALSE) -> Jl. Raya Tembana Peniron No.1, Desa Karangpoh, Kecamatan Pejagoan, Kabupaten Kebumen | F7: =VLOOKUP(D7,'Form Responses 1'!B:J,5,FALSE) -> Timbangan Elektronik | G7: =VLOOKUP(D7,'Form Responses 1'!B:J,6,FALSE) -> OMRON | H7: =VLOOKUP(D7,'Form Responses 1'!B:J,7,FALSE) -> K3HB VLC | I7: =VLOOKUP(D7,'Form Responses 1'!B:J,8,FALSE) -> - | J7: =VLOOKUP(D7,'Form Responses 1'!B:J,9,FALSE) -> 2000 kg / 1 kg | L7: SP6 (26) | M7: TRUE
A8: 4 | B8: TE-004/I/500.2.3.15/8/2026 | C8: 46029 | D8: PT. Karya Adi Kencana. | E8: =VLOOKUP(D8,'Form Responses 1'!B:J,2,FALSE) -> Jl. Raya Tembana Peniron No.1, Desa Karangpoh, Kecamatan Pejagoan, Kabupaten Kebumen | F8: =VLOOKUP(D8,'Form Responses 1'!B:J,5,FALSE) -> Timbangan Elektronik | G8: =VLOOKUP(D8,'Form Responses 1'!B:J,6,FALSE) -> WEIGHING INDICATOR | H8: =VLOOKUP(D8,'Form Responses 1'!B:J,7,FALSE) -> AC 9000 | I8: =VLOOKUP(D8,'Form Responses 1'!B:J,8,FALSE) -> - | J8: =VLOOKUP(D8,'Form Responses 1'!B:J,9,FALSE) -> 4000 kg / 2 kg | K8: 46028 | L8: SP6 (26) | M8: TRUE
D9: PT. Karya Adi Kencana.. | E9: =VLOOKUP(D9,'Form Responses 1'!B:J,2,FALSE) -> Jl. Raya Tembana Peniron No.1, Desa Karangpoh, Kecamatan Pejagoan, Kabupaten Kebumen | F9: =VLOOKUP(D9,'Form Responses 1'!B:J,5,FALSE) -> Timbangan Elektronik | G9: =VLOOKUP(D9,'Form Responses 1'!B:J,6,FALSE) -> GREAT SCALE | H9: =VLOOKUP(D9,'Form Responses 1'!B:J,7,FALSE) -> A12E | I9: =VLOOKUP(D9,'Form Responses 1'!B:J,8,FALSE) -> IMIWH9-1909000758 | J9: =VLOOKUP(D9,'Form Responses 1'!B:J,9,FALSE) -> 1000 kg / 1 kg | L9: SP6 (26) | M9: TRUE
D10: PT. Karya Adi Kencana... | E10: =VLOOKUP(D10,'Form Responses 1'!B:J,2,FALSE) -> Jl. Raya Tembana Peniron No.1, Desa Karangpoh, Kecamatan Pejagoan, Kabupaten Kebumen | F10: =VLOOKUP(D10,'Form Responses 1'!B:J,5,FALSE) -> Timbangan Elektronik | G10: =VLOOKUP(D10,'Form Responses 1'!B:J,6,FALSE) -> GREAT SCALE | H10: =VLOOKUP(D10,'Form Responses 1'!B:J,7,FALSE) -> A12E | I10: =VLOOKUP(D10,'Form Responses 1'!B:J,8,FALSE) -> A12E2206008 | J10: =VLOOKUP(D10,'Form Responses 1'!B:J,9,FALSE) -> 3000 kg / 0,5 kg | L10: SP6 (26) | M10: TRUE
A11: 5 | B11: DL-001/I/500.2.3.15/9/2026 | C11: 46029 | D11: KPH KEDU SELATAN | E11: =VLOOKUP(D11,'Form Responses 1'!B:J,2,FALSE) -> Jl. A. Yani No 23 Purworejo | F11: =VLOOKUP(D11,'Form Responses 1'!B:J,5,FALSE) -> Dacin | G11: =VLOOKUP(D11,'Form Responses 1'!B:J,6,FALSE) -> SNS | H11: =VLOOKUP(D11,'Form Responses 1'!B:J,7,FALSE) -> - | I11: =VLOOKUP(D11,'Form Responses 1'!B:J,8,FALSE) -> 211006 | J11: =VLOOKUP(D11,'Form Responses 1'!B:J,9,FALSE) -> 110 kg / 500 g | K11: 46029 | L11: SL4 (26) | M11: TRUE
D12: KPH KEDU SELATAN. | E12: =VLOOKUP(D12,'Form Responses 1'!B:J,2,FALSE) -> Jl. A. Yani No 23 Purworejo | F12: =VLOOKUP(D12,'Form Responses 1'!B:J,5,FALSE) -> Dacin | G12: =VLOOKUP(D12,'Form Responses 1'!B:J,6,FALSE) -> SNS | H12: =VLOOKUP(D12,'Form Responses 1'!B:J,7,FALSE) -> - | I12: =VLOOKUP(D12,'Form Responses 1'!B:J,8,FALSE) -> 211081 | J12: =VLOOKUP(D12,'Form Responses 1'!B:J,9,FALSE) -> 110 kg / 500 g | L12: SL4 (26) | M12: FALSE
D13: KPH KEDU SELATAN.. | E13: =VLOOKUP(D13,'Form Responses 1'!B:J,2,FALSE) -> Jl. A. Yani No 23 Purworejo | F13: =VLOOKUP(D13,'Form Responses 1'!B:J,5,FALSE) -> Dacin | G13: =VLOOKUP(D13,'Form Responses 1'!B:J,6,FALSE) -> SNS | H13: =VLOOKUP(D13,'Form Responses 1'!B:J,7,FALSE) -> - | I13: =VLOOKUP(D13,'Form Responses 1'!B:J,8,FALSE) -> 170694 | J13: =VLOOKUP(D13,'Form Responses 1'!B:J,9,FALSE) -> 110 kg / 500 g | L13: SL4 (26) | M13: FALSE
D14: KPH KEDU SELATAN... | E14: =VLOOKUP(D14,'Form Responses 1'!B:J,2,FALSE) -> Jl. A. Yani No 23 Purworejo | F14: =VLOOKUP(D14,'Form Responses 1'!B:J,5,FALSE) -> Dacin | G14: =VLOOKUP(D14,'Form Responses 1'!B:J,6,FALSE) -> SNS | H14: =VLOOKUP(D14,'Form Responses 1'!B:J,7,FALSE) -> - | I14: =VLOOKUP(D14,'Form Responses 1'!B:J,8,FALSE) -> 111724 | J14: =VLOOKUP(D14,'Form Responses 1'!B:J,9,FALSE) -> 110 kg / 500 g | L14: SL4 (26) | M14: FALSE
A15: 6 | B15: TS-001/I/500.2.3.15/10/2026 | C15: 46029 | D15: KPH KEDU SELATAN, | E15: =VLOOKUP(D15,'Form Responses 1'!B:J,2,FALSE) -> Jl. A. Yani No 23 Purworejo | F15: =VLOOKUP(D15,'Form Responses 1'!B:J,5,FALSE) -> Timbangan Sentisimal | G15: =VLOOKUP(D15,'Form Responses 1'!B:J,6,FALSE) -> Armada | H15: =VLOOKUP(D15,'Form Responses 1'!B:J,7,FALSE) -> - | I15: =VLOOKUP(D15,'Form Responses 1'!B:J,8,FALSE) -> 97815 | J15: =VLOOKUP(D15,'Form Responses 1'!B:J,9,FALSE) -> 500 kg / 200 g | K15: 46029 | L15: SP6 (26) | M15: TRUE
D16: KPH KEDU SELATAN,, | E16: =VLOOKUP(D16,'Form Responses 1'!B:J,2,FALSE) -> Jl. A. Yani No 23 Purworejo | F16: =VLOOKUP(D16,'Form Responses 1'!B:J,5,FALSE) -> Timbangan Sentisimal | G16: =VLOOKUP(D16,'Form Responses 1'!B:J,6,FALSE) -> Intra | H16: =VLOOKUP(D16,'Form Responses 1'!B:J,7,FALSE) -> - | I16: =VLOOKUP(D16,'Form Responses 1'!B:J,8,FALSE) -> - | J16: =VLOOKUP(D16,'Form Responses 1'!B:J,9,FALSE) -> 300 kg / 100 g | L16: SP6 (26) | M16: TRUE
D17: SPBU 44.543.04 PT. Tawakal Tsani Makmur.. | E17: =VLOOKUP(D17,'Form Responses 1'!B:J,2,FALSE) -> Jl. Yos Sudarso no 122, Desa Wero, Kec. Gombong, Kab. Kebumen | F17: =VLOOKUP(D17,'Form Responses 1'!B:J,5,FALSE) -> PU BBM | G17: =VLOOKUP(D17,'Form Responses 1'!B:J,6,FALSE) -> Wayne | H17: =VLOOKUP(D17,'Form Responses 1'!B:J,7,FALSE) -> 2203/Akswz5/E | I17: =VLOOKUP(D17,'Form Responses 1'!B:J,8,FALSE) -> G 07118 | J17: =VLOOKUP(D17,'Form Responses 1'!B:J,9,FALSE) -> - | L17: SP6 (26), JP8, H (np) | M17: TRUE
A18: 7 | B18: PU-001/I/500.2.3.15/11/2026 | C18: 46029 | D18: SPBU 44.543.04 PT. Tawakal Tsani Makmur | E18: =VLOOKUP(D18,'Form Responses 1'!B:J,2,FALSE) -> Jl. Yos Sudarso no 122, Desa Wero, Kec. Gombong, Kab. Kebumen | F18: =VLOOKUP(D18,'Form Responses 1'!B:J,5,FALSE) -> PU BBM | G18: =VLOOKUP(D18,'Form Responses 1'!B:J,6,FALSE) -> Gilbarco | H18: =VLOOKUP(D18,'Form Responses 1'!B:J,7,FALSE) -> B21 | I18: =VLOOKUP(D18,'Form Responses 1'!B:J,8,FALSE) -> HEPA 097853 | J18: =VLOOKUP(D18,'Form Responses 1'!B:J,9,FALSE) -> - | K18: 46029 | L18: SP6 (26), JP8, H (np) | M18: TRUE
D19: SPBU 44.543.04 PT. Tawakal Tsani Makmur. | E19: =VLOOKUP(D19,'Form Responses 1'!B:J,2,FALSE) -> Jl. Yos Sudarso no 122, Desa Wero, Kec. Gombong, Kab. Kebumen | F19: =VLOOKUP(D19,'Form Responses 1'!B:J,5,FALSE) -> PU BBM | G19: =VLOOKUP(D19,'Form Responses 1'!B:J,6,FALSE) -> Gilbarco | H19: =VLOOKUP(D19,'Form Responses 1'!B:J,7,FALSE) -> B21 | I19: =VLOOKUP(D19,'Form Responses 1'!B:J,8,FALSE) -> KDPA 028431 | J19: =VLOOKUP(D19,'Form Responses 1'!B:J,9,FALSE) -> - | L19: SP6 (26), JP8, H (np) | M19: TRUE
D20: SPBU 44.543.04 PT. Tawakal Tsani Makmur... | E20: =VLOOKUP(D20,'Form Responses 1'!B:J,2,FALSE) -> Jl. Yos Sudarso no 122, Desa Wero, Kec. Gombong, Kab. Kebumen | F20: =VLOOKUP(D20,'Form Responses 1'!B:J,5,FALSE) -> PU BBM | G20: =VLOOKUP(D20,'Form Responses 1'!B:J,6,FALSE) -> Gilbarco | H20: =VLOOKUP(D20,'Form Responses 1'!B:J,7,FALSE) -> B21 | I20: =VLOOKUP(D20,'Form Responses 1'!B:J,8,FALSE) -> HEPA 097463 | J20: =VLOOKUP(D20,'Form Responses 1'!B:J,9,FALSE) -> - | L20: SP6 (26), JP8, H (np) | M20: TRUE
A21: 8 | B21: TE-005/I/500.2.3.15/18/2026 | C21: 46031 | D21: Bank BSI Kebumen | E21: =VLOOKUP(D21,'Form Responses 1'!B:J,2,FALSE) -> Jl. HM Sarbini 201 A | F21: =VLOOKUP(D21,'Form Responses 1'!B:J,5,FALSE) -> Timbangan Elektronik | G21: =VLOOKUP(D21,'Form Responses 1'!B:J,6,FALSE) -> SHIMADZU | H21: =VLOOKUP(D21,'Form Responses 1'!B:J,7,FALSE) -> UX3200G | I21: =VLOOKUP(D21,'Form Responses 1'!B:J,8,FALSE) -> D461741786 | J21: =VLOOKUP(D21,'Form Responses 1'!B:J,9,FALSE) -> 3200 g/ 0,01 g | K21: 46030 | L21: SP6 (26) | M21: TRUE
A22: 9 | B22: PU-002/I/500.2.3.15/17/2026 | C22: 46031 | D22: SPBU 43.543.12 PT. Putra Ramadhan | E22: =VLOOKUP(D22,'Form Responses 1'!B:J,2,FALSE) -> Jl. HM Sarbini, Kelurahan Bumirejo, Kecamatan Kebumen, Kabupaten Kebumen | F22: =VLOOKUP(D22,'Form Responses 1'!B:J,5,FALSE) -> PU BBM | G22: =VLOOKUP(D22,'Form Responses 1'!B:J,6,FALSE) -> Gilbarco | H22: =VLOOKUP(D22,'Form Responses 1'!B:J,7,FALSE) -> NA1S500 | I22: =VLOOKUP(D22,'Form Responses 1'!B:J,8,FALSE) -> EN 00015183 | J22: =VLOOKUP(D22,'Form Responses 1'!B:J,9,FALSE) -> 60 Lpm / 5 lpm | K22: 46030 | L22: SP6 (26), JP8, H (np) | M22: TRUE
D23: SPBU 43.543.12 PT. Putra Ramadhan. | E23: =VLOOKUP(D23,'Form Responses 1'!B:J,2,FALSE) -> Jl. HM Sarbini, Kelurahan Bumirejo, Kecamatan Kebumen, Kabupaten Kebumen | F23: =VLOOKUP(D23,'Form Responses 1'!B:J,5,FALSE) -> PU BBM | G23: =VLOOKUP(D23,'Form Responses 1'!B:J,6,FALSE) -> Gilbarco | H23: =VLOOKUP(D23,'Form Responses 1'!B:J,7,FALSE) -> NA2 | I23: =VLOOKUP(D23,'Form Responses 1'!B:J,8,FALSE) -> AAEN240478 | J23: =VLOOKUP(D23,'Form Responses 1'!B:J,9,FALSE) -> 60 lpm / 5 lpm | L23: SP6 (26), JP8, H (np) | M23: TRUE
D24: SPBU 43.543.12 PT. Putra Ramadhan.. | E24: =VLOOKUP(D24,'Form Responses 1'!B:J,2,FALSE) -> Jl. HM Sarbini, Kelurahan Bumirejo, Kecamatan Kebumen, Kabupaten Kebumen | F24: =VLOOKUP(D24,'Form Responses 1'!B:J,5,FALSE) -> PU BBM | G24: =VLOOKUP(D24,'Form Responses 1'!B:J,6,FALSE) -> Gilbarco | H24: =VLOOKUP(D24,'Form Responses 1'!B:J,7,FALSE) -> NA2 | I24: =VLOOKUP(D24,'Form Responses 1'!B:J,8,FALSE) -> MXEN240026 | J24: =VLOOKUP(D24,'Form Responses 1'!B:J,9,FALSE) -> 60 lpm / 5 lpm | L24: SP6 (26), JP8, H (np) | M24: TRUE
D25: SPBU 43.543.12 PT. Putra Ramadhan... | E25: =VLOOKUP(D25,'Form Responses 1'!B:J,2,FALSE) -> Jl. HM Sarbini, Kelurahan Bumirejo, Kecamatan Kebumen, Kabupaten Kebumen | F25: =VLOOKUP(D25,'Form Responses 1'!B:J,5,FALSE) -> PU BBM | G25: =VLOOKUP(D25,'Form Responses 1'!B:J,6,FALSE) -> Gilbarco | H25: =VLOOKUP(D25,'Form Responses 1'!B:J,7,FALSE) -> NA1 | I25: =VLOOKUP(D25,'Form Responses 1'!B:J,8,FALSE) -> ABEN273664 | J25: =VLOOKUP(D25,'Form Responses 1'!B:J,9,FALSE) -> 60 lpm/5lpm | L25: SP6 (26), JP8, H (np) | M25: TRUE
A26: 10 | B26: TE-006/I/500.2.3.15/16/2026 | C26: 46031 | D26: Apotek Padureso | E26: =VLOOKUP(D26,'Form Responses 1'!B:J,2,FALSE) -> Jl. Wadaslintang km 17 Pasar pon, Padureso, Kebumen | F26: =VLOOKUP(D26,'Form Responses 1'!B:J,5,FALSE) -> Timbangan Elektronik | G26: =VLOOKUP(D26,'Form Responses 1'!B:J,6,FALSE) -> Acis | H26: =VLOOKUP(D26,'Form Responses 1'!B:J,7,FALSE) -> Bc500 | I26: =VLOOKUP(D26,'Form Responses 1'!B:J,8,FALSE) -> C220801736 | J26: =VLOOKUP(D26,'Form Responses 1'!B:J,9,FALSE) -> 500 g /0,1 g | L26: SL6 (26) | M26: TRUE
A27: 11 | B27: TE-007/I/500.2.3.15/15/2026 | C27: 46031 | D27: Toko Mas Niaga | E27: =VLOOKUP(D27,'Form Responses 1'!B:J,2,FALSE) -> Pasar Wonokriyo Blok F no. 14 Gombong Kebumen | F27: =VLOOKUP(D27,'Form Responses 1'!B:J,5,FALSE) -> Timbangan Elektronik | G27: =VLOOKUP(D27,'Form Responses 1'!B:J,6,FALSE) -> AND | H27: =VLOOKUP(D27,'Form Responses 1'!B:J,7,FALSE) -> HL-100 | I27: =VLOOKUP(D27,'Form Responses 1'!B:J,8,FALSE) -> K0003H2110724 | J27: =VLOOKUP(D27,'Form Responses 1'!B:J,9,FALSE) -> 100 g / 0.01 g | K27: 46030 | L27: SL6 (26) | M27: TRUE
D28: Toko Mas Niaga. | E28: =VLOOKUP(D28,'Form Responses 1'!B:J,2,FALSE) -> Pasar Wonokriyo Blok F no. 14 Gombong Kebumen | F28: =VLOOKUP(D28,'Form Responses 1'!B:J,5,FALSE) -> Timbangan Elektronik | G28: =VLOOKUP(D28,'Form Responses 1'!B:J,6,FALSE) -> AND | H28: =VLOOKUP(D28,'Form Responses 1'!B:J,7,FALSE) -> HL-100 | I28: =VLOOKUP(D28,'Form Responses 1'!B:J,8,FALSE) -> K0004H804001193 | J28: =VLOOKUP(D28,'Form Responses 1'!B:J,9,FALSE) -> 100 g / 0.01 g | M28: TRUE
D29: Toko Mas Niaga.. | E29: =VLOOKUP(D29,'Form Responses 1'!B:J,2,FALSE) -> Pasar Wonokriyo Blok F no. 14 Gombong Kebumen | F29: =VLOOKUP(D29,'Form Responses 1'!B:J,5,FALSE) -> Timbangan Elektronik | G29: =VLOOKUP(D29,'Form Responses 1'!B:J,6,FALSE) -> AND | H29: =VLOOKUP(D29,'Form Responses 1'!B:J,7,FALSE) -> EK-410i | I29: =VLOOKUP(D29,'Form Responses 1'!B:J,8,FALSE) -> 6A4443221 | J29: =VLOOKUP(D29,'Form Responses 1'!B:J,9,FALSE) -> 400 g / 0.01 g | M29: TRUE
A30: 12 | B30: TE-008/I/500.2.3.15/14/2026 | C30: 46031 | D30: Toko Mas Niaga, | E30: =VLOOKUP(D30,'Form Responses 1'!B:J,2,FALSE) -> Pasar Tumenggungan Blok A 9-10 kebumen | F30: =VLOOKUP(D30,'Form Responses 1'!B:J,5,FALSE) -> Timbangan Elektronik | G30: =VLOOKUP(D30,'Form Responses 1'!B:J,6,FALSE) -> AND | H30: =VLOOKUP(D30,'Form Responses 1'!B:J,7,FALSE) -> HT-120 | I30: =VLOOKUP(D30,'Form Responses 1'!B:J,8,FALSE) -> 5171100070 | J30: =VLOOKUP(D30,'Form Responses 1'!B:J,9,FALSE) -> 120 g / 0.01 g | K30: 46030 | L30: SL6 (26) | M30: TRUE
D31: Toko Mas Niaga,, | E31: =VLOOKUP(D31,'Form Responses 1'!B:J,2,FALSE) -> Pasar Tumenggungan Blok A 9-10 kebumen | F31: =VLOOKUP(D31,'Form Responses 1'!B:J,5,FALSE) -> Timbangan Elektronik | G31: =VLOOKUP(D31,'Form Responses 1'!B:J,6,FALSE) -> AND | H31: =VLOOKUP(D31,'Form Responses 1'!B:J,7,FALSE) -> EK-410i | I31: =VLOOKUP(D31,'Form Responses 1'!B:J,8,FALSE) -> 6A4443254 | J31: =VLOOKUP(D31,'Form Responses 1'!B:J,9,FALSE) -> 400 g / 0.01 g | M31: TRUE
A32: 13 | B32: TE-009/I/500.2.3.15/13/2026 | C32: 46031 | D32: Toko Mas Niaga' | E32: =VLOOKUP(D32,'Form Responses 1'!B:J,2,FALSE) -> Jln Yos Sudarso 331 Gombong | F32: =VLOOKUP(D32,'Form Responses 1'!B:J,5,FALSE) -> Timbangan Elektronik | G32: =VLOOKUP(D32,'Form Responses 1'!B:J,6,FALSE) -> AND | H32: =VLOOKUP(D32,'Form Responses 1'!B:J,7,FALSE) -> HT-120 | I32: =VLOOKUP(D32,'Form Responses 1'!B:J,8,FALSE) -> 5150900175 | J32: =VLOOKUP(D32,'Form Responses 1'!B:J,9,FALSE) -> 120 g / 0.01 g | K32: 46030 | L32: SL6 (26) | M32: TRUE
D33: Toko Mas Niaga'' | E33: =VLOOKUP(D33,'Form Responses 1'!B:J,2,FALSE) -> Jln Yos Sudarso 331 Gombong | F33: =VLOOKUP(D33,'Form Responses 1'!B:J,5,FALSE) -> Timbangan Elektronik | G33: =VLOOKUP(D33,'Form Responses 1'!B:J,6,FALSE) -> AND | H33: =VLOOKUP(D33,'Form Responses 1'!B:J,7,FALSE) -> HT-120 | I33: =VLOOKUP(D33,'Form Responses 1'!B:J,8,FALSE) -> 5210900407 | J33: =VLOOKUP(D33,'Form Responses 1'!B:J,9,FALSE) -> 120 g / 0.01 g | M33: TRUE
D34: Toko Mas Niaga''' | E34: =VLOOKUP(D34,'Form Responses 1'!B:J,2,FALSE) -> Jln Yos Sudarso 331 Gombong | F34: =VLOOKUP(D34,'Form Responses 1'!B:J,5,FALSE) -> Timbangan Elektronik | G34: =VLOOKUP(D34,'Form Responses 1'!B:J,6,FALSE) -> AND | H34: =VLOOKUP(D34,'Form Responses 1'!B:J,7,FALSE) -> EK-410i | I34: =VLOOKUP(D34,'Form Responses 1'!B:J,8,FALSE) -> 6A4443222 | J34: =VLOOKUP(D34,'Form Responses 1'!B:J,9,FALSE) -> 400 g / 0.01 g | M34: TRUE
A35: 14 | B35: TE-010/I/500.2.3.15/12/2026 | C35: 46031 | D35: Apotek Pandya 16 | E35: =VLOOKUP(D35,'Form Responses 1'!B:J,2,FALSE) -> Jatinegara , Sempor | F35: =VLOOKUP(D35,'Form Responses 1'!B:J,5,FALSE) -> Timbangan Elektronik | G35: =VLOOKUP(D35,'Form Responses 1'!B:J,6,FALSE) -> CHQ | H35: =VLOOKUP(D35,'Form Responses 1'!B:J,7,FALSE) -> DJ602C | I35: =VLOOKUP(D35,'Form Responses 1'!B:J,8,FALSE) -> 0 | J35: =VLOOKUP(D35,'Form Responses 1'!B:J,9,FALSE) -> 600 gr/0,01 gr | K35: 46030 | L35: SL6 (26) | M35: TRUE
A36: 15 | B36: PU-003/I/500.2.3.15/22/2026 | C36: 46034 | D36: SPBU 44.543.22 (PT. Wahyu Putra Sejati) | E36: =VLOOKUP(D36,'Form Responses 1'!B:J,2,FALSE) -> Desa Tambakmulyo, Kecamatan Puring, Kabupaten Kebumen | F36: =VLOOKUP(D36,'Form Responses 1'!B:J,5,FALSE) -> PU BBM | G36: =VLOOKUP(D36,'Form Responses 1'!B:J,6,FALSE) -> TATSUNO | H36: =VLOOKUP(D36,'Form Responses 1'!B:J,7,FALSE) -> SSB3662 | I36: =VLOOKUP(D36,'Form Responses 1'!B:J,8,FALSE) -> AA315408 2022-1 | J36: =VLOOKUP(D36,'Form Responses 1'!B:J,9,FALSE) -> 65 L/min | K36: 46031 | L36: SP6 (26), H (np), JP8 | M36: TRUE
A37: 16 | B37: PU-004/I/500.2.3.15/21/2026 | C37: 46034 | D37: SPBU 44.543.10 (CV. Dewi Bulan) | E37: =VLOOKUP(D37,'Form Responses 1'!B:J,2,FALSE) -> Jl. Lingkar Soka, Desa Kewayuhan, Kecamatan Pejagoan, Kabupaten Kebumen | F37: =VLOOKUP(D37,'Form Responses 1'!B:J,5,FALSE) -> PU BBM | G37: =VLOOKUP(D37,'Form Responses 1'!B:J,6,FALSE) -> TATSUNO | H37: =VLOOKUP(D37,'Form Responses 1'!B:J,7,FALSE) -> GSB 2441P | I37: =VLOOKUP(D37,'Form Responses 1'!B:J,8,FALSE) -> AA 192403 2010-6 | J37: =VLOOKUP(D37,'Form Responses 1'!B:J,9,FALSE) -> 60 L/min | K37: 46031 | L37: SP6 (26), H (np), JP8 | M37: TRUE
D38: SPBU 44.543.10 (CV. Dewi Bulan), | E38: =VLOOKUP(D38,'Form Responses 1'!B:J,2,FALSE) -> Jl. Lingkar Soka, Desa Kewayuhan, Kecamatan Pejagoan, Kabupaten Kebumen | F38: =VLOOKUP(D38,'Form Responses 1'!B:J,5,FALSE) -> PU BBM | G38: =VLOOKUP(D38,'Form Responses 1'!B:J,6,FALSE) -> TATSUNO | H38: =VLOOKUP(D38,'Form Responses 1'!B:J,7,FALSE) -> GSB 2441P | I38: =VLOOKUP(D38,'Form Responses 1'!B:J,8,FALSE) -> AA 199109 2011-3 | J38: =VLOOKUP(D38,'Form Responses 1'!B:J,9,FALSE) -> 60 L/min | M38: TRUE
D39: SPBU 44.543.10 (CV. Dewi Bulan),, | E39: =VLOOKUP(D39,'Form Responses 1'!B:J,2,FALSE) -> Jl. Lingkar Soka, Desa Kewayuhan, Kecamatan Pejagoan, Kabupaten Kebumen | F39: =VLOOKUP(D39,'Form Responses 1'!B:J,5,FALSE) -> PU BBM | G39: =VLOOKUP(D39,'Form Responses 1'!B:J,6,FALSE) -> TATSUNO | H39: =VLOOKUP(D39,'Form Responses 1'!B:J,7,FALSE) -> GSA 1221 | I39: =VLOOKUP(D39,'Form Responses 1'!B:J,8,FALSE) -> AA 166702 2007-10 | J39: =VLOOKUP(D39,'Form Responses 1'!B:J,9,FALSE) -> 60 L/min | M39: TRUE
D40: SPBU 44.543.10 (CV. Dewi Bulan),,, | E40: =VLOOKUP(D40,'Form Responses 1'!B:J,2,FALSE) -> Jl. Lingkar Soka, Desa Kewayuhan, Kecamatan Pejagoan, Kabupaten Kebumen | F40: =VLOOKUP(D40,'Form Responses 1'!B:J,5,FALSE) -> PU BBM | G40: =VLOOKUP(D40,'Form Responses 1'!B:J,6,FALSE) -> TATSUNO | H40: =VLOOKUP(D40,'Form Responses 1'!B:J,7,FALSE) -> GSB 2441P | I40: =VLOOKUP(D40,'Form Responses 1'!B:J,8,FALSE) -> AA 185772 2009-9 | J40: =VLOOKUP(D40,'Form Responses 1'!B:J,9,FALSE) -> 60 L/min | M40: TRUE
A41: 17 | B41: TE-011/I/500.2.3.15/25/2026 | C41: 46034 | D41: APOTEK TAHER FARMA PETANAHAN | E41: =VLOOKUP(D41,'Form Responses 1'!B:J,2,FALSE) -> Jl. Sokka Petanahan No. 217, Jogomertan, Kec. Petanahan, Kabupaten Kebumen | F41: =VLOOKUP(D41,'Form Responses 1'!B:J,5,FALSE) -> Timbangan Elektronik | G41: =VLOOKUP(D41,'Form Responses 1'!B:J,6,FALSE) -> ACIS | H41: =VLOOKUP(D41,'Form Responses 1'!B:J,7,FALSE) -> BC - 5000 | I41: =VLOOKUP(D41,'Form Responses 1'!B:J,8,FALSE) -> E2504031124 | J41: =VLOOKUP(D41,'Form Responses 1'!B:J,9,FALSE) -> 5000 g / 1 g | K41: 46034 | L41: SL6 (26) | M41: TRUE
A42: 18 | B42: TP-001/I/500.2.3.15/26/2026 | C42: 46034 | D42: Indah Logistik Cargo | E42: =VLOOKUP(D42,'Form Responses 1'!B:J,2,FALSE) -> Adikarso | F42: =VLOOKUP(D42,'Form Responses 1'!B:J,5,FALSE) -> Timbangan Pegas | G42: =VLOOKUP(D42,'Form Responses 1'!B:J,6,FALSE) -> NHON HOA | H42: =VLOOKUP(D42,'Form Responses 1'!B:J,7,FALSE) -> NHS 100 | I42: =VLOOKUP(D42,'Form Responses 1'!B:J,8,FALSE) -> 3399 | J42: =VLOOKUP(D42,'Form Responses 1'!B:J,9,FALSE) -> 100 kg / 200 g | K42: 46034 | L42: SP6 (26) | M42: TRUE
A43: 19 | B43: TE-012/I/500.2.3.15/27/2026 | C43: 46034 | D43: Toko Mas Niaga Kebumen | E43: =VLOOKUP(D43,'Form Responses 1'!B:J,2,FALSE) -> Pasar Tumenggungan Blok A 9-10 Kebumen | F43: =VLOOKUP(D43,'Form Responses 1'!B:J,5,FALSE) -> Timbangan Elektronik | G43: =VLOOKUP(D43,'Form Responses 1'!B:J,6,FALSE) -> AND | H43: =VLOOKUP(D43,'Form Responses 1'!B:J,7,FALSE) -> HT-120 | I43: =VLOOKUP(D43,'Form Responses 1'!B:J,8,FALSE) -> 5180100108 | J43: =VLOOKUP(D43,'Form Responses 1'!B:J,9,FALSE) -> 120 G | K43: 46034 | L43: SP6 (26) | M43: TRUE
D44: Toko Mas Niaga Kebumen, | E44: =VLOOKUP(D44,'Form Responses 1'!B:J,2,FALSE) -> Pasar Tumenggungan Blok A 9-10 Kebumen | F44: =VLOOKUP(D44,'Form Responses 1'!B:J,5,FALSE) -> Timbangan Elektronik | G44: =VLOOKUP(D44,'Form Responses 1'!B:J,6,FALSE) -> AND | H44: =VLOOKUP(D44,'Form Responses 1'!B:J,7,FALSE) -> HT120 | I44: =VLOOKUP(D44,'Form Responses 1'!B:J,8,FALSE) -> 5180100109 | J44: =VLOOKUP(D44,'Form Responses 1'!B:J,9,FALSE) -> 120 G | M44: TRUE
D45: Toko Mas Niaga Kebumen,, | E45: =VLOOKUP(D45,'Form Responses 1'!B:J,2,FALSE) -> Pasar Tumenggungan Blok A 9-10 Kebumen | F45: =VLOOKUP(D45,'Form Responses 1'!B:J,5,FALSE) -> Timbangan Elektronik | G45: =VLOOKUP(D45,'Form Responses 1'!B:J,6,FALSE) -> AND | H45: =VLOOKUP(D45,'Form Responses 1'!B:J,7,FALSE) -> EK-410I | I45: =VLOOKUP(D45,'Form Responses 1'!B:J,8,FALSE) -> 6A4443254 | J45: =VLOOKUP(D45,'Form Responses 1'!B:J,9,FALSE) -> 400 G | M45: TRUE
A46: 20 | B46: TE-013/I/500.2.3.15/30/2026 | C46: 46034 | D46: Toko Mas Niaga Gombong | E46: =VLOOKUP(D46,'Form Responses 1'!B:J,2,FALSE) -> Ruko Pasar Wonokriyo Blok F No. 14 Gombong | F46: =VLOOKUP(D46,'Form Responses 1'!B:J,5,FALSE) -> Timbangan Elektronik | G46: =VLOOKUP(D46,'Form Responses 1'!B:J,6,FALSE) -> AND | H46: =VLOOKUP(D46,'Form Responses 1'!B:J,7,FALSE) -> HT120 | I46: =VLOOKUP(D46,'Form Responses 1'!B:J,8,FALSE) -> 5181000061 | J46: =VLOOKUP(D46,'Form Responses 1'!B:J,9,FALSE) -> 120 G | K46: 46034 | L46: SP6 (26) | M46: TRUE
D47: Toko Mas Niaga Gombong, | E47: =VLOOKUP(D47,'Form Responses 1'!B:J,2,FALSE) -> Ruko Pasar Wonokriyo Blok F No. 14 Gombong | F47: =VLOOKUP(D47,'Form Responses 1'!B:J,5,FALSE) -> Timbangan Elektronik | G47: =VLOOKUP(D47,'Form Responses 1'!B:J,6,FALSE) -> AND | H47: =VLOOKUP(D47,'Form Responses 1'!B:J,7,FALSE) -> HT120 | I47: =VLOOKUP(D47,'Form Responses 1'!B:J,8,FALSE) -> 5210900406 | J47: =VLOOKUP(D47,'Form Responses 1'!B:J,9,FALSE) -> 120 G | M47: TRUE
D48: Toko Mas Niaga Gombong,, | E48: =VLOOKUP(D48,'Form Responses 1'!B:J,2,FALSE) -> Ruko Pasar Wonokriyo Blok F No. 14 Gombong | F48: =VLOOKUP(D48,'Form Responses 1'!B:J,5,FALSE) -> Timbangan Elektronik | G48: =VLOOKUP(D48,'Form Responses 1'!B:J,6,FALSE) -> AND | H48: =VLOOKUP(D48,'Form Responses 1'!B:J,7,FALSE) -> HT120 | I48: =VLOOKUP(D48,'Form Responses 1'!B:J,8,FALSE) -> 5150900156 | J48: =VLOOKUP(D48,'Form Responses 1'!B:J,9,FALSE) -> 120 G | M48: TRUE
A49: 21 | B49: TE-014/I/500.2.3.15/28/2026 | C49: 46034 | D49: Toko Mas Niaga Gombong. | E49: =VLOOKUP(D49,'Form Responses 1'!B:J,2,FALSE) -> Jl. Yos Sudarso 331 Gombong | F49: =VLOOKUP(D49,'Form Responses 1'!B:J,5,FALSE) -> Timbangan Elektronik | G49: =VLOOKUP(D49,'Form Responses 1'!B:J,6,FALSE) -> AND | H49: =VLOOKUP(D49,'Form Responses 1'!B:J,7,FALSE) -> HT120 | I49: =VLOOKUP(D49,'Form Responses 1'!B:J,8,FALSE) -> 5221100034 | J49: =VLOOKUP(D49,'Form Responses 1'!B:J,9,FALSE) -> 120 G | K49: 46034 | L49: SP6 (26) | M49: TRUE
D50: Toko Mas Niaga Gombong.. | E50: =VLOOKUP(D50,'Form Responses 1'!B:J,2,FALSE) -> Jl. Yos Sudarso 331 Gombong | F50: =VLOOKUP(D50,'Form Responses 1'!B:J,5,FALSE) -> Timbangan Elektronik | G50: =VLOOKUP(D50,'Form Responses 1'!B:J,6,FALSE) -> AND | H50: =VLOOKUP(D50,'Form Responses 1'!B:J,7,FALSE) -> EK-410I | I50: =VLOOKUP(D50,'Form Responses 1'!B:J,8,FALSE) -> 6A4443253 | J50: =VLOOKUP(D50,'Form Responses 1'!B:J,9,FALSE) -> 400 G | M50: TRUE
D51: Toko Mas Niaga Gombong... | E51: =VLOOKUP(D51,'Form Responses 1'!B:J,2,FALSE) -> Jl. Yos Sudarso 331 Gombong | F51: =VLOOKUP(D51,'Form Responses 1'!B:J,5,FALSE) -> Timbangan Elektronik | G51: =VLOOKUP(D51,'Form Responses 1'!B:J,6,FALSE) -> AND | H51: =VLOOKUP(D51,'Form Responses 1'!B:J,7,FALSE) -> HT120 | I51: =VLOOKUP(D51,'Form Responses 1'!B:J,8,FALSE) -> 5180500095 | J51: =VLOOKUP(D51,'Form Responses 1'!B:J,9,FALSE) -> 120 G | M51: TRUE
A52: 22 | B52: TE-015/I/500.2.3.15/29/2026 | C52: 46034 | D52: PT GIRI SELOMAS SEJAHTERA | E52: =VLOOKUP(D52,'Form Responses 1'!B:J,2,FALSE) -> Jl. Raya Yos Sudarso Gombong Barat Km.3 Purbowangi Kab. Kebumen | F52: =VLOOKUP(D52,'Form Responses 1'!B:J,5,FALSE) -> Timbangan Elektronik | G52: =VLOOKUP(D52,'Form Responses 1'!B:J,6,FALSE) -> Great Scale | H52: =VLOOKUP(D52,'Form Responses 1'!B:J,7,FALSE) -> XK-3190A7 | I52: =VLOOKUP(D52,'Form Responses 1'!B:J,8,FALSE) -> - | J52: =VLOOKUP(D52,'Form Responses 1'!B:J,9,FALSE) -> 40kg/0,001 | K52: 46034 | L52: SP6 (26) | M52: TRUE
A53: 23 | B53: AT-001/I/500.2.3.15/31/2026 | C53: 46034 | D53: PT GIRI SELOMAS SEJAHTERA, | E53: =VLOOKUP(D53,'Form Responses 1'!B:J,2,FALSE) -> Jl. Raya Yos Sudarso Gombong Barat Km.3 Purbowangi Kab. Kebumen | F53: =VLOOKUP(D53,'Form Responses 1'!B:J,5,FALSE) -> Anak Timbangan | G53: =VLOOKUP(D53,'Form Responses 1'!B:J,6,FALSE) -> TJ | H53: =VLOOKUP(D53,'Form Responses 1'!B:J,7,FALSE) -> - | I53: =VLOOKUP(D53,'Form Responses 1'!B:J,8,FALSE) -> - | J53: =VLOOKUP(D53,'Form Responses 1'!B:J,9,FALSE) -> 20 kg | K53: 46034 | L53: SL6 (26) | M53: TRUE
D54: PT GIRI SELOMAS SEJAHTERA,, | E54: =VLOOKUP(D54,'Form Responses 1'!B:J,2,FALSE) -> Jl. Raya Yos Sudarso Gombong Barat Km.3 Purbowangi Kab. Kebumen | F54: =VLOOKUP(D54,'Form Responses 1'!B:J,5,FALSE) -> Anak Timbangan | G54: =VLOOKUP(D54,'Form Responses 1'!B:J,6,FALSE) -> - | H54: =VLOOKUP(D54,'Form Responses 1'!B:J,7,FALSE) -> - | I54: =VLOOKUP(D54,'Form Responses 1'!B:J,8,FALSE) -> - | J54: =VLOOKUP(D54,'Form Responses 1'!B:J,9,FALSE) -> 5 kg | M54: TRUE
D55: PT GIRI SELOMAS SEJAHTERA,,, | E55: =VLOOKUP(D55,'Form Responses 1'!B:J,2,FALSE) -> Jl. Raya Yos Sudarso Gombong Barat Km.3 Purbowangi Kab. Kebumen | F55: =VLOOKUP(D55,'Form Responses 1'!B:J,5,FALSE) -> Anak Timbangan | G55: =VLOOKUP(D55,'Form Responses 1'!B:J,6,FALSE) -> - | H55: =VLOOKUP(D55,'Form Responses 1'!B:J,7,FALSE) -> - | I55: =VLOOKUP(D55,'Form Responses 1'!B:J,8,FALSE) -> - | J55: =VLOOKUP(D55,'Form Responses 1'!B:J,9,FALSE) -> 5 kg | M55: TRUE
A56: 24 | B56: TE-016/I/500.2.3.15/32/2026 | C56: 46034 | D56: PT.Giga Intrax | E56: =VLOOKUP(D56,'Form Responses 1'!B:J,2,FALSE) -> Jl. Raya Karanganyar km.98 , Kecamatan Karanganyar, Kabupaten Kebumen | F56: =VLOOKUP(D56,'Form Responses 1'!B:J,5,FALSE) -> Timbangan Elektronik | G56: =VLOOKUP(D56,'Form Responses 1'!B:J,6,FALSE) -> Digitech | H56: =VLOOKUP(D56,'Form Responses 1'!B:J,7,FALSE) -> DB IS | I56: =VLOOKUP(D56,'Form Responses 1'!B:J,8,FALSE) -> DB25089126 | J56: =VLOOKUP(D56,'Form Responses 1'!B:J,9,FALSE) -> 40 kg / 0,002 kg | K56: 46034 | L56: SP6 (26) | M56: TRUE
A57: 25 | B57: PU-005/I/500.2.3.15/33/2026 | C57: 46034 | D57: SPBU 43.543.13 PT. Aneka Bangun Sarana | E57: =VLOOKUP(D57,'Form Responses 1'!B:J,2,FALSE) -> Jl. Raya Kutoarjo km 07, Desa Kalibagor, Kecamatan Kebumen,Kabupaten Kebumen | F57: =VLOOKUP(D57,'Form Responses 1'!B:J,5,FALSE) -> PU BBM | G57: =VLOOKUP(D57,'Form Responses 1'!B:J,6,FALSE) -> Wayne | H57: =VLOOKUP(D57,'Form Responses 1'!B:J,7,FALSE) -> 3/V390D1/GPZ5/E | I57: =VLOOKUP(D57,'Form Responses 1'!B:J,8,FALSE) -> 29403C A-13 | J57: =VLOOKUP(D57,'Form Responses 1'!B:J,9,FALSE) -> 60 L/m | K57: 46034 | L57: SP6 (26), H (np), JP8 | M57: TRUE
D58: SPBU 43.543.13 PT. Aneka Bangun Sarana, | E58: =VLOOKUP(D58,'Form Responses 1'!B:J,2,FALSE) -> Jl. Raya Kutoarjo km 07, Desa Kalibagor, Kecamatan Kebumen,Kabupaten Kebumen | F58: =VLOOKUP(D58,'Form Responses 1'!B:J,5,FALSE) -> PU BBM | G58: =VLOOKUP(D58,'Form Responses 1'!B:J,6,FALSE) -> Wayne | H58: =VLOOKUP(D58,'Form Responses 1'!B:J,7,FALSE) -> 3/V390D1/GPZ5/E | I58: =VLOOKUP(D58,'Form Responses 1'!B:J,8,FALSE) -> 29763C A-13 | J58: =VLOOKUP(D58,'Form Responses 1'!B:J,9,FALSE) -> 60 L/m | M58: TRUE
D59: SPBU 43.543.13 PT. Aneka Bangun Sarana,, | E59: =VLOOKUP(D59,'Form Responses 1'!B:J,2,FALSE) -> Jl. Raya Kutoarjo km 07, Desa Kalibagor, Kecamatan Kebumen,Kabupaten Kebumen | F59: =VLOOKUP(D59,'Form Responses 1'!B:J,5,FALSE) -> PU BBM | G59: =VLOOKUP(D59,'Form Responses 1'!B:J,6,FALSE) -> Wayne | H59: =VLOOKUP(D59,'Form Responses 1'!B:J,7,FALSE) -> 3/V390D1/GPZ5/E | I59: =VLOOKUP(D59,'Form Responses 1'!B:J,8,FALSE) -> 29731C A-13 | J59: =VLOOKUP(D59,'Form Responses 1'!B:J,9,FALSE) -> 60 L/m | M59: TRUE
A60: 26 | B60: TP-002/I/500.2.3.15/36/2026 | C60: 46035 | D60: INDAH LOGISTIK KEBUMEN | E60: =VLOOKUP(D60,'Form Responses 1'!B:J,2,FALSE) -> Jl. Lkr. Selatan, Ketraman, Adikarso, Kec. Kebumen, Kabupaten Kebumen, Jawa Tengah 54312 | F60: =VLOOKUP(D60,'Form Responses 1'!B:J,5,FALSE) -> Timbangan Pegas | G60: =VLOOKUP(D60,'Form Responses 1'!B:J,6,FALSE) -> NHON HOA | H60: =VLOOKUP(D60,'Form Responses 1'!B:J,7,FALSE) -> NHS100 | I60: =VLOOKUP(D60,'Form Responses 1'!B:J,8,FALSE) -> 3395 | J60: =VLOOKUP(D60,'Form Responses 1'!B:J,9,FALSE) -> 100 | K60: 46035 | L60: SP6 (26) | M60: TRUE
A61: 27 | B61: TE-017/I/500.2.3.15/37/2026 | C61: 46035 | D61: SPPBE PT. GIGA INTRAX | E61: =VLOOKUP(D61,'Form Responses 1'!B:J,2,FALSE) -> Jl. Raya Karanganyar km 98, Kecamatan Karanganyar, Kabupaten Kebumen | F61: =VLOOKUP(D61,'Form Responses 1'!B:J,5,FALSE) -> Timbangan Elektronik | G61: =VLOOKUP(D61,'Form Responses 1'!B:J,6,FALSE) -> Digitech | H61: =VLOOKUP(D61,'Form Responses 1'!B:J,7,FALSE) -> DB-1S-150 | I61: =VLOOKUP(D61,'Form Responses 1'!B:J,8,FALSE) -> DB24128044 | J61: =VLOOKUP(D61,'Form Responses 1'!B:J,9,FALSE) -> 40 kg / 0,002 kg | K61: 46035 | L61: SP6 (26) | M61: TRUE
A62: 28 | B62: PU-006/I/500.2.3.15/38/2026 | C62: 46035 | D62: SPBU 44.543.07 | E62: =VLOOKUP(D62,'Form Responses 1'!B:J,2,FALSE) -> Jl. Tentara Pelajar No. 55, Desa Kawedusan, Kecamatan Kebumen, Kabupaten Kebumen | F62: =VLOOKUP(D62,'Form Responses 1'!B:J,5,FALSE) -> PU BBM | G62: =VLOOKUP(D62,'Form Responses 1'!B:J,6,FALSE) -> TATSUNO | H62: =VLOOKUP(D62,'Form Responses 1'!B:J,7,FALSE) -> SSA 1222 | I62: =VLOOKUP(D62,'Form Responses 1'!B:J,8,FALSE) -> AA219923 2013-1 | J62: =VLOOKUP(D62,'Form Responses 1'!B:J,9,FALSE) -> 65 L/min | K62: 46035 | L62: SP6 (26), H (np), JP8 | M62: TRUE
D63: SPBU 44.543.07. | E63: =VLOOKUP(D63,'Form Responses 1'!B:J,2,FALSE) -> Jl. Tentara Pelajar No.55, Desa Kawedusan, Kecamatan Kebumen, Kabupaten Kebumen | F63: =VLOOKUP(D63,'Form Responses 1'!B:J,5,FALSE) -> PU BBM | G63: =VLOOKUP(D63,'Form Responses 1'!B:J,6,FALSE) -> TATSUNO | H63: =VLOOKUP(D63,'Form Responses 1'!B:J,7,FALSE) -> GSB 2441P | I63: =VLOOKUP(D63,'Form Responses 1'!B:J,8,FALSE) -> AA194570 2010-9 | J63: =VLOOKUP(D63,'Form Responses 1'!B:J,9,FALSE) -> 60 L/min | M63: TRUE
D64: SPBU 44.543.07.. | E64: =VLOOKUP(D64,'Form Responses 1'!B:J,2,FALSE) -> Jl. Tentara Pelajar No. 55, Desa Kawedusan, Kecamatan Kebumen, Kabupaten Kebumen | F64: =VLOOKUP(D64,'Form Responses 1'!B:J,5,FALSE) -> PU BBM | G64: =VLOOKUP(D64,'Form Responses 1'!B:J,6,FALSE) -> TATSUNO | H64: =VLOOKUP(D64,'Form Responses 1'!B:J,7,FALSE) -> GSA 2441 | I64: =VLOOKUP(D64,'Form Responses 1'!B:J,8,FALSE) -> AA164079 2007-7 | J64: =VLOOKUP(D64,'Form Responses 1'!B:J,9,FALSE) -> 60 L/min | M64: TRUE
D65: SPBU 44.543.07... | E65: =VLOOKUP(D65,'Form Responses 1'!B:J,2,FALSE) -> Jl. Tentara Pelajar No. 55, Desa Kawedusan, Kecamatan Kebumen, Kabupaten Kebumen | F65: =VLOOKUP(D65,'Form Responses 1'!B:J,5,FALSE) -> PU BBM | G65: =VLOOKUP(D65,'Form Responses 1'!B:J,6,FALSE) -> GILBARCO | H65: =VLOOKUP(D65,'Form Responses 1'!B:J,7,FALSE) -> B21 | I65: =VLOOKUP(D65,'Form Responses 1'!B:J,8,FALSE) -> HEPA 096522 | J65: =VLOOKUP(D65,'Form Responses 1'!B:J,9,FALSE) -> 50 L/m | M65: TRUE
A66: 29 | B66: TE-018/I/500.2.3.15/45/2026 | C66: 46036 | D66: SPPBE PT. GIGA INTRAX | E66: =VLOOKUP(D66,'Form Responses 1'!B:J,2,FALSE) -> Jl. Raya Karanganyar km 98, Kecamatan Karanganyar, Kabupaten Kebumen | F66: =VLOOKUP(D66,'Form Responses 1'!B:J,5,FALSE) -> Timbangan Elektronik | G66: =VLOOKUP(D66,'Form Responses 1'!B:J,6,FALSE) -> Digitech | H66: =VLOOKUP(D66,'Form Responses 1'!B:J,7,FALSE) -> DB-1S-150 | I66: =VLOOKUP(D66,'Form Responses 1'!B:J,8,FALSE) -> DB24128044 | J66: =VLOOKUP(D66,'Form Responses 1'!B:J,9,FALSE) -> 40 kg / 0,002 kg | K66: 46036 | L66: SP6 (26) | M66: TRUE
A67: 30 | B67: TE-019/I/500.2.3.15/46/2026 | C67: 46036 | D67: SPPBE PT. GIGA INTRAX, | E67: =VLOOKUP(D67,'Form Responses 1'!B:J,2,FALSE) -> Jl. Raya Karanganyar km 98, Kecamatan Karanganyar, Kabupaten Kebumen | F67: =VLOOKUP(D67,'Form Responses 1'!B:J,5,FALSE) -> Timbangan Elektronik | G67: =VLOOKUP(D67,'Form Responses 1'!B:J,6,FALSE) -> Digitech | H67: =VLOOKUP(D67,'Form Responses 1'!B:J,7,FALSE) -> DB-1S | I67: =VLOOKUP(D67,'Form Responses 1'!B:J,8,FALSE) -> - | J67: =VLOOKUP(D67,'Form Responses 1'!B:J,9,FALSE) -> 80 kg / 1 g | K67: 46036 | L67: SP6 (26) | M67: TRUE
A68: 31 | B68: PU-007/I/500.2.3.15/47/2026 | C68: 46036 | D68: SPBU 44.543.03 UD GIAT SABA | E68: =VLOOKUP(D68,'Form Responses 1'!B:J,2,FALSE) -> Jl. Hashim Asyari Km 2, kelurahan panjer, kabupaten kebumen | F68: =VLOOKUP(D68,'Form Responses 1'!B:J,5,FALSE) -> PU BBM | G68: =VLOOKUP(D68,'Form Responses 1'!B:J,6,FALSE) -> Korea Ene | H68: =VLOOKUP(D68,'Form Responses 1'!B:J,7,FALSE) -> MT 2 S | I68: =VLOOKUP(D68,'Form Responses 1'!B:J,8,FALSE) -> EO 6630, EO 6631 | J68: =VLOOKUP(D68,'Form Responses 1'!B:J,9,FALSE) -> 50 L/m | K68: 46036 | L68: SP6 (26), H (np), JP8 | M68: TRUE
D69: SPBU 44.543.03 UD GIAT SABA, | E69: =VLOOKUP(D69,'Form Responses 1'!B:J,2,FALSE) -> Jl. Hashim Asyari Km 2, kelurahan panjer, kabupaten kebumen | F69: =VLOOKUP(D69,'Form Responses 1'!B:J,5,FALSE) -> PU BBM | G69: =VLOOKUP(D69,'Form Responses 1'!B:J,6,FALSE) -> Korea EnE | H69: =VLOOKUP(D69,'Form Responses 1'!B:J,7,FALSE) -> MT 4 S | I69: =VLOOKUP(D69,'Form Responses 1'!B:J,8,FALSE) -> EO 7574, EO 7575 | J69: =VLOOKUP(D69,'Form Responses 1'!B:J,9,FALSE) -> 50 L/m | M69: TRUE
D70: SPBU 44.543.03 UD GIAT SABA,, | E70: =VLOOKUP(D70,'Form Responses 1'!B:J,2,FALSE) -> Jl. Hashim Asyari Km 2, kelurahan panjer, kabupaten kebumen | F70: =VLOOKUP(D70,'Form Responses 1'!B:J,5,FALSE) -> PU BBM | G70: =VLOOKUP(D70,'Form Responses 1'!B:J,6,FALSE) -> Korea EnE | H70: =VLOOKUP(D70,'Form Responses 1'!B:J,7,FALSE) -> MT 4 S | I70: =VLOOKUP(D70,'Form Responses 1'!B:J,8,FALSE) -> EO 7373 | J70: =VLOOKUP(D70,'Form Responses 1'!B:J,9,FALSE) -> 50 L/m | M70: TRUE
A71: 32 | B71: N-001/I/500.2.3.15/48/2026 | C71: 46036 | D71: Apotik Mitra Bunda | E71: =VLOOKUP(D71,'Form Responses 1'!B:J,2,FALSE) -> Setrojenar RT 1 RW 3 Buluspesantren Kebumen | F71: =VLOOKUP(D71,'Form Responses 1'!B:J,5,FALSE) -> Neraca Obat | G71: =VLOOKUP(D71,'Form Responses 1'!B:J,6,FALSE) -> PGB | H71: =VLOOKUP(D71,'Form Responses 1'!B:J,7,FALSE) -> - | I71: =VLOOKUP(D71,'Form Responses 1'!B:J,8,FALSE) -> 16129 | J71: =VLOOKUP(D71,'Form Responses 1'!B:J,9,FALSE) -> 50 g / 25 mg | K71: 46036 | L71: SP6 (26) | M71: TRUE
A72: 33 | B72: N-002/I/500.2.3.15/49/2026 | C72: 46036 | D72: Apotek Harum | E72: =VLOOKUP(D72,'Form Responses 1'!B:J,2,FALSE) -> Sarwogadung RT 2 RW 1, Kecamatan Mirit, Kabupaten Kebumen | F72: =VLOOKUP(D72,'Form Responses 1'!B:J,5,FALSE) -> Neraca Obat | G72: =VLOOKUP(D72,'Form Responses 1'!B:J,6,FALSE) -> SNS | H72: =VLOOKUP(D72,'Form Responses 1'!B:J,7,FALSE) -> - | I72: =VLOOKUP(D72,'Form Responses 1'!B:J,8,FALSE) -> 21403 | J72: =VLOOKUP(D72,'Form Responses 1'!B:J,9,FALSE) -> 500 g / 250 mg | K72: 46036 | L72: SP6 (26) | M72: TRUE
A73: 34 | B73: TE-020/I/500.2.3.15/54/2026 | C73: 46037 | D73: PT Naga Semut Kebumen | E73: =VLOOKUP(D73,'Form Responses 1'!B:J,2,FALSE) -> Jalan Indrakila no.32 Kebumen | F73: =VLOOKUP(D73,'Form Responses 1'!B:J,5,FALSE) -> Timbangan Elektronik | G73: =VLOOKUP(D73,'Form Responses 1'!B:J,6,FALSE) -> ACIS | H73: =VLOOKUP(D73,'Form Responses 1'!B:J,7,FALSE) -> AW-x 3 | I73: =VLOOKUP(D73,'Form Responses 1'!B:J,8,FALSE) -> F804049027 | J73: =VLOOKUP(D73,'Form Responses 1'!B:J,9,FALSE) -> 3 Kg / 0.2 g | K73: 46037 | L73: SL6 (26) | M73: TRUE
A74: 35 | B74: PU-008/I/500.2.3.15/55/2026 | C74: 46037 | D74: SPBU 44.543.08 Ungaran | E74: =VLOOKUP(D74,'Form Responses 1'!B:J,2,FALSE) -> Jl. Raya Kutowinangun, Desa Ungaran, Kecamatan Kutowinangun, Kabupaten Kebumen | F74: =VLOOKUP(D74,'Form Responses 1'!B:J,5,FALSE) -> PU BBM | G74: =VLOOKUP(D74,'Form Responses 1'!B:J,6,FALSE) -> GILBARCO | H74: =VLOOKUP(D74,'Form Responses 1'!B:J,7,FALSE) -> B21 | I74: =VLOOKUP(D74,'Form Responses 1'!B:J,8,FALSE) -> BKPA 223463 | J74: =VLOOKUP(D74,'Form Responses 1'!B:J,9,FALSE) -> 50 L/m | K74: 46037 | L74: SP6 (26), H (np), JP8 | M74: TRUE
D75: SPBU 44.543.08 Ungaran, | E75: =VLOOKUP(D75,'Form Responses 1'!B:J,2,FALSE) -> Jl. Raya Kutowinangun, Desa Ungaran, Kecamatan Kutowinangun, Kabupaten Kebumen | F75: =VLOOKUP(D75,'Form Responses 1'!B:J,5,FALSE) -> PU BBM | G75: =VLOOKUP(D75,'Form Responses 1'!B:J,6,FALSE) -> GILBARCO | H75: =VLOOKUP(D75,'Form Responses 1'!B:J,7,FALSE) -> F230 | I75: =VLOOKUP(D75,'Form Responses 1'!B:J,8,FALSE) -> 202006000343-4DPE | J75: =VLOOKUP(D75,'Form Responses 1'!B:J,9,FALSE) -> 60 L/m | K75: 46037 | M75: TRUE
D76: SPBU 44.543.08 Ungaran,, | E76: =VLOOKUP(D76,'Form Responses 1'!B:J,2,FALSE) -> Jl. Raya Kutowinangun, Desa Ungaran, Kecamatan Kutowinangun, Kabupaten Kebumen | F76: =VLOOKUP(D76,'Form Responses 1'!B:J,5,FALSE) -> PU BBM | G76: =VLOOKUP(D76,'Form Responses 1'!B:J,6,FALSE) -> GILBARCO | H76: =VLOOKUP(D76,'Form Responses 1'!B:J,7,FALSE) -> B21 | I76: =VLOOKUP(D76,'Form Responses 1'!B:J,8,FALSE) -> FKPA 228627 | J76: =VLOOKUP(D76,'Form Responses 1'!B:J,9,FALSE) -> 50 L/m | K76: 46037 | M76: TRUE
D77: SPBU 44.543.08 Ungaran,,, | E77: =VLOOKUP(D77,'Form Responses 1'!B:J,2,FALSE) -> Jl. Raya Kutowinangun, Desa Ungaran, Kecamatan Kutowinangun, Kabupaten Kebumen | F77: =VLOOKUP(D77,'Form Responses 1'!B:J,5,FALSE) -> PU BBM | G77: =VLOOKUP(D77,'Form Responses 1'!B:J,6,FALSE) -> GILBARCO | H77: =VLOOKUP(D77,'Form Responses 1'!B:J,7,FALSE) -> JEA200 | I77: =VLOOKUP(D77,'Form Responses 1'!B:J,8,FALSE) -> 01300010 | J77: =VLOOKUP(D77,'Form Responses 1'!B:J,9,FALSE) -> 50 L/m | K77: 46037 | M77: TRUE
A78: 36 | B78: TE-021/I/500.2.3.15/56/2026 | C78: 46041 | D78: SPBE PT. Mitra Prasmitha Selaras | E78: =VLOOKUP(D78,'Form Responses 1'!B:J,2,FALSE) -> Jl. Lingkar Selatan Kebumen, Desa Kuwayuhan, Kecamatan Pejagoan, Kabupaten Kebumen | F78: =VLOOKUP(D78,'Form Responses 1'!B:J,5,FALSE) -> Timbangan Elektronik | G78: =VLOOKUP(D78,'Form Responses 1'!B:J,6,FALSE) -> DIGITECH | H78: =VLOOKUP(D78,'Form Responses 1'!B:J,7,FALSE) -> DB-1S | I78: =VLOOKUP(D78,'Form Responses 1'!B:J,8,FALSE) -> DB 24128070 | J78: =VLOOKUP(D78,'Form Responses 1'!B:J,9,FALSE) -> 30 kg / 0,001 kg | K78: 46041 | L78: SP6 (26) | M78: TRUE
D79: SPBE PT. Mitra Prasmitha Selaras, | E79: =VLOOKUP(D79,'Form Responses 1'!B:J,2,FALSE) -> Jl. Lingkar Selatan Kebumen, Desa Kuwayuhan, Kecamatan Pejagoan, Kabupaten Kebumen | F79: =VLOOKUP(D79,'Form Responses 1'!B:J,5,FALSE) -> Timbangan Elektronik | G79: =VLOOKUP(D79,'Form Responses 1'!B:J,6,FALSE) -> DIGITECH | H79: =VLOOKUP(D79,'Form Responses 1'!B:J,7,FALSE) -> DB-1S | I79: =VLOOKUP(D79,'Form Responses 1'!B:J,8,FALSE) -> - | J79: =VLOOKUP(D79,'Form Responses 1'!B:J,9,FALSE) -> 30 kg / 0,001 kg | M79: TRUE
D80: SPBE PT. Mitra Prasmitha Selaras,, | E80: =VLOOKUP(D80,'Form Responses 1'!B:J,2,FALSE) -> Jl. Lingkar Selatan Kebumen, Desa Kuwayuhan, Kecamatan Pejagoan, Kabupaten Kebumen | F80: =VLOOKUP(D80,'Form Responses 1'!B:J,5,FALSE) -> Timbangan Elektronik | G80: =VLOOKUP(D80,'Form Responses 1'!B:J,6,FALSE) -> DIGITECH | H80: =VLOOKUP(D80,'Form Responses 1'!B:J,7,FALSE) -> DB-1S | I80: =VLOOKUP(D80,'Form Responses 1'!B:J,8,FALSE) -> 171020011T | J80: =VLOOKUP(D80,'Form Responses 1'!B:J,9,FALSE) -> 30 kg / 0,001 kg | M80: TRUE
D81: SPBE PT. Mitra Prasmitha Selaras,,, | E81: =VLOOKUP(D81,'Form Responses 1'!B:J,2,FALSE) -> Jl. Lingkar Selatan Kebumen, Desa Kuwayuhan, Kecamatan Pejagoan, Kabupaten Kebumen | F81: =VLOOKUP(D81,'Form Responses 1'!B:J,5,FALSE) -> Timbangan Elektronik | G81: =VLOOKUP(D81,'Form Responses 1'!B:J,6,FALSE) -> DIGITECH | H81: =VLOOKUP(D81,'Form Responses 1'!B:J,7,FALSE) -> DB-1S | I81: =VLOOKUP(D81,'Form Responses 1'!B:J,8,FALSE) -> DB 24128041 | J81: =VLOOKUP(D81,'Form Responses 1'!B:J,9,FALSE) -> 80 kg / 0,001 kg | M81: TRUE
D82: SPBE PT. Mitra Prasmitha Selaras. | E82: =VLOOKUP(D82,'Form Responses 1'!B:J,2,FALSE) -> Jl. Lingkar Selatan Kebumen, Desa Kuwayuhan, Kecamatan Pejagoan, Kabupaten Kebumen | F82: =VLOOKUP(D82,'Form Responses 1'!B:J,5,FALSE) -> Timbangan Elektronik | G82: =VLOOKUP(D82,'Form Responses 1'!B:J,6,FALSE) -> SONIC | H82: =VLOOKUP(D82,'Form Responses 1'!B:J,7,FALSE) -> A12E-150 | I82: =VLOOKUP(D82,'Form Responses 1'!B:J,8,FALSE) -> IMI24080304 | J82: =VLOOKUP(D82,'Form Responses 1'!B:J,9,FALSE) -> 40 kg / 0,002 kg | M82: TRUE
D83: SPBE PT. Mitra Prasmitha Selaras.. | E83: =VLOOKUP(D83,'Form Responses 1'!B:J,2,FALSE) -> Jl. Lingkar Selatan Kebumen, Desa Kuwayuhan, Kecamatan Pejagoan, Kabupaten Kebumen | F83: =VLOOKUP(D83,'Form Responses 1'!B:J,5,FALSE) -> Timbangan Elektronik | G83: =VLOOKUP(D83,'Form Responses 1'!B:J,6,FALSE) -> SONIC | H83: =VLOOKUP(D83,'Form Responses 1'!B:J,7,FALSE) -> A12E-150 | I83: =VLOOKUP(D83,'Form Responses 1'!B:J,8,FALSE) -> IMI24080301 | J83: =VLOOKUP(D83,'Form Responses 1'!B:J,9,FALSE) -> 40 kg / 0,002 kg | M83: TRUE
A84: 37 | B84: AT-002/I/500.2.3.15/58/2026 | C84: 46041 | D84: SPBE PT. Mitra Prasmitha Selaras' | E84: =VLOOKUP(D84,'Form Responses 1'!B:J,2,FALSE) -> Jl. Lingkar Selatan Kebumen, Desa Kuwayuhan, Kecamatan Pejagoan, Kabupaten Kebumen | F84: =VLOOKUP(D84,'Form Responses 1'!B:J,5,FALSE) -> Anak Timbangan | G84: =VLOOKUP(D84,'Form Responses 1'!B:J,6,FALSE) -> DL4 | H84: =VLOOKUP(D84,'Form Responses 1'!B:J,7,FALSE) -> - | I84: =VLOOKUP(D84,'Form Responses 1'!B:J,8,FALSE) -> - | J84: =VLOOKUP(D84,'Form Responses 1'!B:J,9,FALSE) -> 20 kg | K84: 46041 | L84: SL6 (26) | M84: TRUE
D85: SPBE PT. Mitra Prasmitha Selaras'' | E85: =VLOOKUP(D85,'Form Responses 1'!B:J,2,FALSE) -> Jl. Lingkar Selatan Kebumen, Desa Kuwayuhan, Kecamatan Pejagoan, Kabupaten Kebumen | F85: =VLOOKUP(D85,'Form Responses 1'!B:J,5,FALSE) -> Anak Timbangan | G85: =VLOOKUP(D85,'Form Responses 1'!B:J,6,FALSE) -> - | H85: =VLOOKUP(D85,'Form Responses 1'!B:J,7,FALSE) -> - | I85: =VLOOKUP(D85,'Form Responses 1'!B:J,8,FALSE) -> - | J85: =VLOOKUP(D85,'Form Responses 1'!B:J,9,FALSE) -> 10 kg | M85: TRUE
A86: 38 | B86: PU-009/I/500.2.3.15/57/2026 | C86: 46041 | D86: SPBU 44.543.09 | E86: =VLOOKUP(D86,'Form Responses 1'!B:J,2,FALSE) -> Jl. Lingkar selatan Kebumen, Kelurahan Tamanwinangun, Kecamatan Kebumen, Kabupaten Kebumen | F86: =VLOOKUP(D86,'Form Responses 1'!B:J,5,FALSE) -> PU BBM | G86: =VLOOKUP(D86,'Form Responses 1'!B:J,6,FALSE) -> TATSUNO | H86: =VLOOKUP(D86,'Form Responses 1'!B:J,7,FALSE) -> GSB 3641 P | I86: =VLOOKUP(D86,'Form Responses 1'!B:J,8,FALSE) -> 192317 2010-6 | J86: =VLOOKUP(D86,'Form Responses 1'!B:J,9,FALSE) -> 60 L/m | K86: 46041 | L86: SL6 (26), H (np), JP8 | M86: TRUE
D87: SPBU 44.543.09, | E87: =VLOOKUP(D87,'Form Responses 1'!B:J,2,FALSE) -> Jl. Lingkar selatan Kebumen, Kelurahan Tamanwinangun, Kecamatan Kebumen, Kabupaten Kebumen | F87: =VLOOKUP(D87,'Form Responses 1'!B:J,5,FALSE) -> PU BBM | G87: =VLOOKUP(D87,'Form Responses 1'!B:J,6,FALSE) -> TATSUNO | H87: =VLOOKUP(D87,'Form Responses 1'!B:J,7,FALSE) -> SSB 3664 | I87: =VLOOKUP(D87,'Form Responses 1'!B:J,8,FALSE) -> AA 248579 2015-9 | J87: =VLOOKUP(D87,'Form Responses 1'!B:J,9,FALSE) -> 65 L/m | M87: TRUE
D88: SPBU 44.543.09,, | E88: =VLOOKUP(D88,'Form Responses 1'!B:J,2,FALSE) -> Jl. Lingkar selatan Kebumen, Kelurahan Tamanwinangun, Kecamatan Kebumen, Kabupaten Kebumen | F88: =VLOOKUP(D88,'Form Responses 1'!B:J,5,FALSE) -> PU BBM | G88: =VLOOKUP(D88,'Form Responses 1'!B:J,6,FALSE) -> TATSUNO | H88: =VLOOKUP(D88,'Form Responses 1'!B:J,7,FALSE) -> SSB 2442 | I88: =VLOOKUP(D88,'Form Responses 1'!B:J,8,FALSE) -> AA 233399 2014-3 | J88: =VLOOKUP(D88,'Form Responses 1'!B:J,9,FALSE) -> 65 L/m | M88: TRUE
D89: SPBU 44.543.09,,, | E89: =VLOOKUP(D89,'Form Responses 1'!B:J,2,FALSE) -> Jl. Lingkar selatan Kebumen, Kelurahan Tamanwinangun, Kecamatan Kebumen, Kabupaten Kebumen | F89: =VLOOKUP(D89,'Form Responses 1'!B:J,5,FALSE) -> PU BBM | G89: =VLOOKUP(D89,'Form Responses 1'!B:J,6,FALSE) -> TATSUNO | H89: =VLOOKUP(D89,'Form Responses 1'!B:J,7,FALSE) -> GSA 2441 | I89: =VLOOKUP(D89,'Form Responses 1'!B:J,8,FALSE) -> AA 158957 2007-1 | J89: =VLOOKUP(D89,'Form Responses 1'!B:J,9,FALSE) -> 60 L/m | M89: TRUE
A90: 39 | B90: N-003/I/500.2.3.15/59/2026 | C90: 46042 | D90: Apotek Sehat Alam | E90: =VLOOKUP(D90,'Form Responses 1'!B:J,2,FALSE) -> Jl. Yos Sudarso No.510 RT08, RW.03, Klapasawit, Wero, Kec. Gombong, Kabupaten Kebumen, Jawa Tengah 54416 | F90: =VLOOKUP(D90,'Form Responses 1'!B:J,5,FALSE) -> Neraca Obat | G90: =VLOOKUP(D90,'Form Responses 1'!B:J,6,FALSE) -> Mercurry | H90: =VLOOKUP(D90,'Form Responses 1'!B:J,7,FALSE) -> 0 | I90: =VLOOKUP(D90,'Form Responses 1'!B:J,8,FALSE) -> 22812 | J90: =VLOOKUP(D90,'Form Responses 1'!B:J,9,FALSE) -> 500 g / 250 mg | K90: 46042 | L90: SP6 (26) | M90: TRUE
A91: 40 | B91: TE-022/I/500.2.3.15/60/2026 | C91: 46042 | D91: Apotek Khazanah | E91: =VLOOKUP(D91,'Form Responses 1'!B:J,2,FALSE) -> Dukuh Jerotengah RT 02 RW 03, Desa Banyumudal, Kecamatan Buayan, Kabupaten Kebumen | F91: =VLOOKUP(D91,'Form Responses 1'!B:J,5,FALSE) -> Timbangan Elektronik | G91: =VLOOKUP(D91,'Form Responses 1'!B:J,6,FALSE) -> Acis | H91: =VLOOKUP(D91,'Form Responses 1'!B:J,7,FALSE) -> Bc 500 | I91: =VLOOKUP(D91,'Form Responses 1'!B:J,8,FALSE) -> E241203203 | J91: =VLOOKUP(D91,'Form Responses 1'!B:J,9,FALSE) -> 500 g / 0,1 g | K91: 46042 | L91: SL6 (26) | M91: TRUE
A92: 41 | B92: PU-010/I/500.2.3.15/63/2026 | C92: 46042 | D92: SPBU 44.543.21 | E92: =VLOOKUP(D92,'Form Responses 1'!B:J,2,FALSE) -> Jl. Jalur Pantai Selatan, Desa Tegalretno, Kecamatan Petanahan, Kabupaten Kebumen | F92: =VLOOKUP(D92,'Form Responses 1'!B:J,5,FALSE) -> PU BBM | G92: =VLOOKUP(D92,'Form Responses 1'!B:J,6,FALSE) -> TATSUNO | H92: =VLOOKUP(D92,'Form Responses 1'!B:J,7,FALSE) -> SSA 2442 | I92: =VLOOKUP(D92,'Form Responses 1'!B:J,8,FALSE) -> AA308024 2021-4 | J92: =VLOOKUP(D92,'Form Responses 1'!B:J,9,FALSE) -> 65L/min | K92: 46042 | L92: SP6 (26), H (np), JP8 | M92: TRUE
D93: SPBU 44.543.21, | E93: =VLOOKUP(D93,'Form Responses 1'!B:J,2,FALSE) -> Jl. Jalur Pantai Selatan, Desa Tegalretno, Kecamatan Petanahan, Kabupaten Kebumen | F93: =VLOOKUP(D93,'Form Responses 1'!B:J,5,FALSE) -> PU BBM | G93: =VLOOKUP(D93,'Form Responses 1'!B:J,6,FALSE) -> TATSUNO | H93: =VLOOKUP(D93,'Form Responses 1'!B:J,7,FALSE) -> SSA 2442 | I93: =VLOOKUP(D93,'Form Responses 1'!B:J,8,FALSE) -> AA309662 2021-6 | J93: =VLOOKUP(D93,'Form Responses 1'!B:J,9,FALSE) -> 65 L/min | M93: TRUE
D94: SPBU 44.543.21,, | E94: =VLOOKUP(D94,'Form Responses 1'!B:J,2,FALSE) -> Jl. Jalur Pantai Selatan, Desa Tegalretno, Kecamatan Petanahan, Kabupaten Kebumen | F94: =VLOOKUP(D94,'Form Responses 1'!B:J,5,FALSE) -> PU BBM | G94: =VLOOKUP(D94,'Form Responses 1'!B:J,6,FALSE) -> TATSUNO | H94: =VLOOKUP(D94,'Form Responses 1'!B:J,7,FALSE) -> SSA 2442 | I94: =VLOOKUP(D94,'Form Responses 1'!B:J,8,FALSE) -> AA309669 2021-6 | J94: =VLOOKUP(D94,'Form Responses 1'!B:J,9,FALSE) -> 65 L/min | M94: TRUE
D95: SPBU 44.543.21,,, | E95: =VLOOKUP(D95,'Form Responses 1'!B:J,2,FALSE) -> Jl. Jalur Pantai Selatan, Desa Tegalretno, Kecamatan Petanahan, Kabupaten Kebumen | F95: =VLOOKUP(D95,'Form Responses 1'!B:J,5,FALSE) -> PU BBM | G95: =VLOOKUP(D95,'Form Responses 1'!B:J,6,FALSE) -> TATSUNO | H95: =VLOOKUP(D95,'Form Responses 1'!B:J,7,FALSE) -> SSA 2442 | I95: =VLOOKUP(D95,'Form Responses 1'!B:J,8,FALSE) -> AA309657 2021-6 | J95: =VLOOKUP(D95,'Form Responses 1'!B:J,9,FALSE) -> 65 L/min | M95: TRUE
A96: 42 | B96: PU-011/I/500.2.3.15/66/2026 | C96: 46044 | D96: SPBU 44.543.20 (PT. Anugerah Baru Group) | E96: =VLOOKUP(D96,'Form Responses 1'!B:J,2,FALSE) -> Jl. Raya Mirit, Desa Tlogopragoto, Kecamatan Mirit, Kabupaten Kebumen | F96: =VLOOKUP(D96,'Form Responses 1'!B:J,5,FALSE) -> PU BBM | G96: =VLOOKUP(D96,'Form Responses 1'!B:J,6,FALSE) -> TATSUNO | H96: =VLOOKUP(D96,'Form Responses 1'!B:J,7,FALSE) -> SSA 2442 | I96: =VLOOKUP(D96,'Form Responses 1'!B:J,8,FALSE) -> AA 304943 2020-12 | J96: =VLOOKUP(D96,'Form Responses 1'!B:J,9,FALSE) -> 65 L/min | K96: 46043 | L96: SP6 (26), H (np), JP8 | M96: TRUE
D97: SPBU 44.543.20 (PT. Anugerah Baru Group). | E97: =VLOOKUP(D97,'Form Responses 1'!B:J,2,FALSE) -> Jl. Raya Mirit, Desa Tlogopragoto, Kecamatan Mirit, Kabupaten Kebumen | F97: =VLOOKUP(D97,'Form Responses 1'!B:J,5,FALSE) -> PU BBM | G97: =VLOOKUP(D97,'Form Responses 1'!B:J,6,FALSE) -> TATSUNO | H97: =VLOOKUP(D97,'Form Responses 1'!B:J,7,FALSE) -> SSA 2442 | I97: =VLOOKUP(D97,'Form Responses 1'!B:J,8,FALSE) -> AA 304946 2020-12 | J97: =VLOOKUP(D97,'Form Responses 1'!B:J,9,FALSE) -> 65 L/min | M97: TRUE
D98: SPBU 44.543.20 (PT. Anugerah Baru Group).. | E98: =VLOOKUP(D98,'Form Responses 1'!B:J,2,FALSE) -> Jl. Raya Mirit, Desa Tlogopragoto, Kecamatan Mirit, Kabupaten Kebumen | F98: =VLOOKUP(D98,'Form Responses 1'!B:J,5,FALSE) -> PU BBM | G98: =VLOOKUP(D98,'Form Responses 1'!B:J,6,FALSE) -> TATSUNO | H98: =VLOOKUP(D98,'Form Responses 1'!B:J,7,FALSE) -> SSA 2442 | I98: =VLOOKUP(D98,'Form Responses 1'!B:J,8,FALSE) -> AA 304965 2020-12 | J98: =VLOOKUP(D98,'Form Responses 1'!B:J,9,FALSE) -> 65 L/min | M98: TRUE
D99: SPBU 44.543.20 (PT. Anugerah Baru Group)... | E99: =VLOOKUP(D99,'Form Responses 1'!B:J,2,FALSE) -> Jl. Raya Mirit, Desa Tlogopragoto, Kecamatan Mirit, Kabupaten Kebumen | F99: =VLOOKUP(D99,'Form Responses 1'!B:J,5,FALSE) -> PU BBM | G99: =VLOOKUP(D99,'Form Responses 1'!B:J,6,FALSE) -> TATSUNO | H99: =VLOOKUP(D99,'Form Responses 1'!B:J,7,FALSE) -> SSA 2442 | I99: =VLOOKUP(D99,'Form Responses 1'!B:J,8,FALSE) -> AA 304957 2020-12 | J99: =VLOOKUP(D99,'Form Responses 1'!B:J,9,FALSE) -> 65 L/min | M99: TRUE
A100: 43 | B100: N-004/I/500.2.3.15/67/2026 | C100: 46044 | D100: RS PKU Muhammadiyah Petanahan | E100: =VLOOKUP(D100,'Form Responses 1'!B:J,2,FALSE) -> Jl. Daendels KM 1, Petanahan, Kebumen, Jawa Tengah | F100: =VLOOKUP(D100,'Form Responses 1'!B:J,5,FALSE) -> Neraca Obat | G100: =VLOOKUP(D100,'Form Responses 1'!B:J,6,FALSE) -> SNS | H100: =VLOOKUP(D100,'Form Responses 1'!B:J,7,FALSE) -> - | I100: =VLOOKUP(D100,'Form Responses 1'!B:J,8,FALSE) -> 22256 | J100: =VLOOKUP(D100,'Form Responses 1'!B:J,9,FALSE) -> 50 g/25 mg | K100: 46044 | L100: SP6 (26) | M100: TRUE
...

Sheet Analisis
A1: Jenis UTTP | B1: Bulan
A2: Timbangan Elektronik | B2: Januari
A3: Timbangan Elektronik | B3: Januari
A4: Timbangan Elektronik | B4: Januari
A5: Timbangan Elektronik | B5: Januari
A6: Timbangan Elektronik | B6: Januari
A7: Timbangan Elektronik | B7: Januari
A8: Timbangan Elektronik | B8: Januari
A9: Timbangan Elektronik | B9: Januari
A10: PU BBM | B10: Januari
A11: PU BBM | B11: Januari
A12: Dacin | B12: Januari
... A363: Timbangan Elektronik | B363: Juli

Sheet NVScriptsProperties
A1: autocratn | B1: autocratp
A2: dataSheetName | B2: "Form Responses 1"
A3: v | B3: "5.1"
A4: dataSheetId | B4: "1.689868182E9"
A5: updateTime | B5: "1.780016951083E12"
A6: vp | B6: "5.1"
A7: ssId | B7: "1Q7eYM-0OaR3yipkffl29x8iKtPYfGH8IDzDvPTVYEe4"

Sheet DO NOT DELETE - AutoCrat Job Se
A1: Job ID | B1: Job Name | C1: Template ID | D1: Data Sheet ID | E1: Header Row | F1: First Data Row | G1: File Name | H1: File Type | I1: Share As | J1: Folders | K1: Dynamic Folder Reference | L1: Conditionals | M1: Mode | N1: Append Breaks | O1: Tags | P1: Run On Time Trigger | Q1: Time Trigger Frequency | R1: Run On Form Trigger | S1: Send Email And Share | T1: Email To | U1: Email CC | V1: Email BCC | W1: Email Reply To | X1: Email No Reply | Y1: Email Subject | Z1: Email Body | AA1: Prevent Resharing | AB1: Time Trigger Timestamp | AC1: Form Trigger Timestamp
A2: _1766454756496 | B2: AutoCrat Demo Job | C2: 1AkuWiPbtXLR_HqaguT82EnK3Og1XcN2IxNsUDlaBnOs | D2: 1929054279 | E2: 1 | F2: 2 | G2: Demo merge job run on <<NOW>> | H2: GOOG_DOC | I2: EDITABLE | J2: ["1ZUpARtCkyT-m-NGzjfxq5qkm8cqqIHRA"] | K2: [] | L2: [] | M2: MULTIPLE_OUTPUT | O2: [{"tag":"Image URL","type":"IMAGE","details":{"headerMap":"Image URL","imageHeight":"<<Image Height>>","imageWidth":"<<Image Width>>"}},{"tag":"Image description","type":"STANDARD","details":{"headerMap":"Image description"}},{"tag":"Cloudlab URL","type":"LINK","details":{"headerMap":"Cloudlab URL","linkLabel":"Cloudlab"}},{"tag":"New Visions URL","type":"LINK","details":{"headerMap":"New Visions URL","linkLabel":"<<NVPS Link Label>>"}},{"tag":"TODAY","type":"BONUS","details":{}},{"tag":"TODAY","type":"BONUS","details":{}}] | P2: FALSE | R2: FALSE | S2: TRUE | T2: metrologikebumen@gmail.com | X2: FALSE | Y2: AutoCrat Demo Merge run on <<TODAY>> | Z2: Your document is ready! <<Closing>> | AA2: FALSE
